mode: atomic
github.com/sausheong/hand/internal/config/config.go:165.36,167.16 2 0
github.com/sausheong/hand/internal/config/config.go:167.16,169.3 1 0
github.com/sausheong/hand/internal/config/config.go:170.2,170.57 1 0
github.com/sausheong/hand/internal/config/config.go:176.40,178.24 2 16
github.com/sausheong/hand/internal/config/config.go:178.24,180.49 2 1
github.com/sausheong/hand/internal/config/config.go:180.49,182.4 1 0
github.com/sausheong/hand/internal/config/config.go:183.3,183.18 1 1
github.com/sausheong/hand/internal/config/config.go:185.2,185.16 1 15
github.com/sausheong/hand/internal/config/config.go:185.16,187.3 1 0
github.com/sausheong/hand/internal/config/config.go:192.2,192.46 1 15
github.com/sausheong/hand/internal/config/config.go:192.46,194.3 1 0
github.com/sausheong/hand/internal/config/config.go:196.2,197.51 2 15
github.com/sausheong/hand/internal/config/config.go:197.51,199.3 1 0
github.com/sausheong/hand/internal/config/config.go:200.2,200.46 1 15
github.com/sausheong/hand/internal/config/config.go:200.46,202.3 1 0
github.com/sausheong/hand/internal/config/config.go:203.2,203.49 1 15
github.com/sausheong/hand/internal/config/config.go:203.49,205.3 1 4
github.com/sausheong/hand/internal/config/config.go:206.2,206.17 1 11
github.com/sausheong/hand/internal/config/config.go:211.42,212.46 1 10
github.com/sausheong/hand/internal/config/config.go:212.46,214.3 1 1
github.com/sausheong/hand/internal/config/config.go:215.2,215.49 1 9
github.com/sausheong/hand/internal/config/config.go:215.49,217.3 1 0
github.com/sausheong/hand/internal/config/config.go:218.2,218.63 1 9
github.com/sausheong/hand/internal/config/config.go:218.63,220.3 1 0
github.com/sausheong/hand/internal/config/config.go:221.2,222.16 2 9
github.com/sausheong/hand/internal/config/config.go:222.16,224.3 1 0
github.com/sausheong/hand/internal/config/config.go:225.2,229.56 2 9
github.com/sausheong/hand/internal/config/config.go:229.56,231.3 1 0
github.com/sausheong/hand/internal/config/config.go:232.2,232.12 1 9
github.com/sausheong/hand/internal/config/config.go:238.56,239.21 1 2
github.com/sausheong/hand/internal/config/config.go:239.21,241.3 1 1
github.com/sausheong/hand/internal/config/config.go:242.2,242.18 1 1
github.com/sausheong/hand/internal/config/config.go:249.58,250.21 1 3
github.com/sausheong/hand/internal/config/config.go:250.21,252.3 1 1
github.com/sausheong/hand/internal/config/config.go:253.2,253.20 1 2
github.com/sausheong/hand/internal/config/config.go:259.53,260.19 1 4
github.com/sausheong/hand/internal/config/config.go:260.19,262.3 1 2
github.com/sausheong/hand/internal/config/config.go:263.2,263.22 1 2
github.com/sausheong/hand/internal/config/config.go:263.22,265.3 1 1
github.com/sausheong/hand/internal/config/config.go:266.2,266.24 1 1
github.com/sausheong/hand/internal/config/config.go:273.62,274.19 1 4
github.com/sausheong/hand/internal/config/config.go:274.19,276.3 1 2
github.com/sausheong/hand/internal/config/config.go:277.2,277.31 1 2
github.com/sausheong/hand/internal/config/config.go:277.31,279.3 1 1
github.com/sausheong/hand/internal/config/config.go:280.2,280.33 1 1
github.com/sausheong/hand/internal/config/config.go:287.64,288.21 1 3
github.com/sausheong/hand/internal/config/config.go:288.21,290.3 1 1
github.com/sausheong/hand/internal/config/config.go:291.2,291.26 1 2
github.com/sausheong/hand/internal/config/config.go:303.64,304.37 1 12
github.com/sausheong/hand/internal/config/config.go:304.37,306.3 1 2
github.com/sausheong/hand/internal/config/config.go:307.2,307.45 1 10
github.com/sausheong/hand/internal/config/config.go:307.45,309.3 1 1
github.com/sausheong/hand/internal/config/config.go:310.2,310.29 1 9
github.com/sausheong/hand/internal/config/config.go:313.46,315.2 1 22
github.com/sausheong/hand/internal/config/config.go:325.72,326.43 1 19
github.com/sausheong/hand/internal/config/config.go:326.43,328.3 1 3
github.com/sausheong/hand/internal/config/config.go:329.2,329.57 1 16
github.com/sausheong/hand/internal/config/config.go:329.57,331.3 1 1
github.com/sausheong/hand/internal/config/config.go:332.2,332.35 1 15
github.com/sausheong/hand/internal/config/config.go:335.57,337.2 1 35
github.com/sausheong/hand/internal/config/config.go:342.56,343.30 1 2
github.com/sausheong/hand/internal/config/config.go:343.30,345.3 1 1
github.com/sausheong/hand/internal/config/config.go:346.2,347.35 2 1
github.com/sausheong/hand/internal/config/config.go:347.35,356.3 1 2
github.com/sausheong/hand/internal/config/config.go:357.2,357.16 1 1
github.com/sausheong/hand/internal/config/config.go:364.55,366.35 2 1
github.com/sausheong/hand/internal/config/config.go:366.35,367.16 1 3
github.com/sausheong/hand/internal/config/config.go:367.16,369.4 1 2
github.com/sausheong/hand/internal/config/config.go:371.2,371.16 1 1
github.com/sausheong/hand/internal/config/config.go:381.48,382.30 1 2
github.com/sausheong/hand/internal/config/config.go:382.30,384.3 1 1
github.com/sausheong/hand/internal/config/config.go:385.2,386.35 2 1
github.com/sausheong/hand/internal/config/config.go:386.35,388.3 1 3
github.com/sausheong/hand/internal/config/config.go:389.2,389.14 1 1
github.com/sausheong/hand/internal/config/config.go:393.46,394.26 1 24
github.com/sausheong/hand/internal/config/config.go:394.26,396.41 2 8
github.com/sausheong/hand/internal/config/config.go:396.41,397.24 1 40
github.com/sausheong/hand/internal/config/config.go:397.24,399.5 1 7
github.com/sausheong/hand/internal/config/config.go:401.3,401.73 1 8
github.com/sausheong/hand/internal/config/config.go:401.73,403.4 1 2
github.com/sausheong/hand/internal/config/config.go:404.3,404.86 1 6
github.com/sausheong/hand/internal/config/config.go:404.86,406.4 1 1
github.com/sausheong/hand/internal/config/config.go:407.3,407.91 1 5
github.com/sausheong/hand/internal/config/config.go:407.91,409.4 1 1
github.com/sausheong/hand/internal/config/config.go:411.2,411.12 1 20
github.com/sausheong/hand/internal/config/profiles.go:31.40,32.53 1 16
github.com/sausheong/hand/internal/config/profiles.go:32.53,33.45 1 0
github.com/sausheong/hand/internal/config/profiles.go:33.45,35.4 1 0
github.com/sausheong/hand/internal/config/profiles.go:36.3,37.40 2 0
github.com/sausheong/hand/internal/config/profiles.go:37.40,39.4 1 0
github.com/sausheong/hand/internal/config/profiles.go:40.3,41.167 2 0
github.com/sausheong/hand/internal/config/profiles.go:41.167,43.4 1 0
github.com/sausheong/hand/internal/config/profiles.go:45.2,45.111 1 16
github.com/sausheong/hand/internal/config/profiles.go:45.111,47.3 1 0
github.com/sausheong/hand/internal/config/profiles.go:48.2,48.79 1 16
github.com/sausheong/hand/internal/config/profiles.go:48.79,50.3 1 0
github.com/sausheong/hand/internal/config/profiles.go:51.2,51.76 1 16
github.com/sausheong/hand/internal/config/profiles.go:51.76,53.3 1 1
github.com/sausheong/hand/internal/config/profiles.go:54.2,54.22 1 15
github.com/sausheong/hand/internal/config/profiles.go:54.22,56.137 2 8
github.com/sausheong/hand/internal/config/profiles.go:56.137,58.4 1 3
github.com/sausheong/hand/internal/config/profiles.go:59.3,59.29 1 5
github.com/sausheong/hand/internal/config/profiles.go:59.29,61.4 1 0
github.com/sausheong/hand/internal/config/profiles.go:63.2,63.49 1 12
github.com/sausheong/hand/internal/config/profiles.go:63.49,65.3 1 0
github.com/sausheong/hand/internal/config/profiles.go:66.2,66.52 1 12
github.com/sausheong/hand/internal/config/profiles.go:66.52,68.3 1 0
github.com/sausheong/hand/internal/config/profiles.go:69.2,69.25 1 12
github.com/sausheong/hand/internal/config/profiles.go:69.25,71.3 1 0
github.com/sausheong/hand/internal/config/profiles.go:72.2,72.43 1 12
github.com/sausheong/hand/internal/config/profiles.go:72.43,74.3 1 0
github.com/sausheong/hand/internal/config/profiles.go:75.2,75.57 1 12
github.com/sausheong/hand/internal/config/profiles.go:75.57,77.3 1 0
github.com/sausheong/hand/internal/config/profiles.go:78.2,78.36 1 12
github.com/sausheong/hand/internal/config/profiles.go:78.36,79.40 1 1
github.com/sausheong/hand/internal/config/profiles.go:79.40,81.4 1 0
github.com/sausheong/hand/internal/config/profiles.go:83.2,83.69 1 12
github.com/sausheong/hand/internal/config/profiles.go:83.69,85.3 1 0
github.com/sausheong/hand/internal/config/profiles.go:86.2,86.77 1 12
github.com/sausheong/hand/internal/config/profiles.go:86.77,87.76 1 13
github.com/sausheong/hand/internal/config/profiles.go:87.76,89.4 1 0
github.com/sausheong/hand/internal/config/profiles.go:91.2,91.12 1 12
github.com/sausheong/hand/internal/config/profiles.go:94.39,95.28 1 25
github.com/sausheong/hand/internal/config/profiles.go:95.28,96.49 1 3
github.com/sausheong/hand/internal/config/profiles.go:96.49,98.4 1 1
github.com/sausheong/hand/internal/config/profiles.go:100.2,100.34 1 24
github.com/sausheong/hand/internal/config/profiles.go:100.34,101.71 1 2
github.com/sausheong/hand/internal/config/profiles.go:101.71,103.4 1 0
github.com/sausheong/hand/internal/config/profiles.go:104.3,104.38 1 2
github.com/sausheong/hand/internal/config/profiles.go:104.38,106.4 1 0
github.com/sausheong/hand/internal/config/profiles.go:108.2,108.12 1 24
github.com/sausheong/hand/internal/config/profiles.go:114.65,115.16 1 5
github.com/sausheong/hand/internal/config/profiles.go:115.16,117.3 1 3
github.com/sausheong/hand/internal/config/profiles.go:118.2,118.16 1 5
github.com/sausheong/hand/internal/config/profiles.go:118.16,120.10 2 3
github.com/sausheong/hand/internal/config/profiles.go:120.10,122.4 1 1
github.com/sausheong/hand/internal/config/profiles.go:123.3,126.25 4 2
github.com/sausheong/hand/internal/config/profiles.go:128.2,129.17 2 2
github.com/sausheong/hand/internal/config/profiles.go:129.17,131.3 1 0
github.com/sausheong/hand/internal/config/profiles.go:132.2,133.9 2 2
github.com/sausheong/hand/internal/config/profiles.go:133.9,135.3 1 0
github.com/sausheong/hand/internal/config/profiles.go:136.2,137.24 2 2
github.com/sausheong/hand/internal/config/profiles.go:140.51,142.2 1 2
github.com/sausheong/hand/internal/config/profiles.go:166.97,167.37 1 6
github.com/sausheong/hand/internal/config/profiles.go:167.37,169.3 1 0
github.com/sausheong/hand/internal/config/profiles.go:170.2,173.57 4 6
github.com/sausheong/hand/internal/config/profiles.go:173.57,174.18 1 12
github.com/sausheong/hand/internal/config/profiles.go:174.18,175.12 1 7
github.com/sausheong/hand/internal/config/profiles.go:177.3,177.21 1 5
github.com/sausheong/hand/internal/config/profiles.go:177.21,179.4 1 0
github.com/sausheong/hand/internal/config/profiles.go:180.3,180.72 1 5
github.com/sausheong/hand/internal/config/profiles.go:180.72,182.4 1 0
github.com/sausheong/hand/internal/config/profiles.go:183.3,183.30 1 5
github.com/sausheong/hand/internal/config/profiles.go:183.30,185.4 1 5
github.com/sausheong/hand/internal/config/profiles.go:186.3,187.42 2 5
github.com/sausheong/hand/internal/config/profiles.go:187.42,189.4 1 0
github.com/sausheong/hand/internal/config/profiles.go:190.3,190.16 1 5
github.com/sausheong/hand/internal/config/profiles.go:190.16,193.4 2 2
github.com/sausheong/hand/internal/config/profiles.go:194.3,194.22 1 5
github.com/sausheong/hand/internal/config/profiles.go:194.22,197.4 2 5
github.com/sausheong/hand/internal/config/profiles.go:199.2,199.24 1 6
github.com/sausheong/hand/internal/config/profiles.go:199.24,202.3 2 1
github.com/sausheong/hand/internal/config/profiles.go:203.2,203.21 1 6
github.com/sausheong/hand/internal/config/profiles.go:203.21,206.3 2 1
github.com/sausheong/hand/internal/config/profiles.go:207.2,207.35 1 6
github.com/sausheong/hand/internal/config/profiles.go:207.35,208.22 1 0
github.com/sausheong/hand/internal/config/profiles.go:208.22,210.4 1 0
github.com/sausheong/hand/internal/config/profiles.go:211.3,212.51 2 0
github.com/sausheong/hand/internal/config/profiles.go:214.2,214.47 1 6
github.com/sausheong/hand/internal/config/profiles.go:214.47,216.42 2 2
github.com/sausheong/hand/internal/config/profiles.go:216.42,218.4 1 0
github.com/sausheong/hand/internal/config/profiles.go:219.3,219.45 1 2
github.com/sausheong/hand/internal/config/profiles.go:219.45,221.4 1 0
github.com/sausheong/hand/internal/config/profiles.go:222.3,222.44 1 2
github.com/sausheong/hand/internal/config/profiles.go:222.44,224.4 1 1
github.com/sausheong/hand/internal/config/profiles.go:226.2,226.15 1 5
github.com/sausheong/hand/internal/app/approval.go:26.109,30.114 4 9
github.com/sausheong/hand/internal/app/approval.go:30.114,32.3 1 6
github.com/sausheong/hand/internal/app/approval.go:33.2,33.112 1 3
github.com/sausheong/hand/internal/app/approval.go:33.112,35.3 1 2
github.com/sausheong/hand/internal/app/approval.go:36.2,38.12 3 1
github.com/sausheong/hand/internal/app/approval.go:41.111,44.198 3 2
github.com/sausheong/hand/internal/app/approval.go:44.198,47.3 2 0
github.com/sausheong/hand/internal/app/approval.go:48.2,48.44 1 2
github.com/sausheong/hand/internal/app/approval.go:48.44,51.3 2 0
github.com/sausheong/hand/internal/app/approval.go:52.2,57.19 6 2
github.com/sausheong/hand/internal/app/approval.go:57.19,60.59 3 3
github.com/sausheong/hand/internal/app/approval.go:60.59,62.4 1 1
github.com/sausheong/hand/internal/app/approval.go:63.3,63.16 1 3
github.com/sausheong/hand/internal/app/approval.go:65.2,67.9 3 2
github.com/sausheong/hand/internal/app/approval.go:68.26,68.26 0 2
github.com/sausheong/hand/internal/app/approval.go:69.20,70.41 1 0
github.com/sausheong/hand/internal/app/approval.go:72.2,73.9 2 2
github.com/sausheong/hand/internal/app/approval.go:74.31,74.31 0 1
github.com/sausheong/hand/internal/app/approval.go:75.20,76.41 1 1
github.com/sausheong/hand/internal/app/approval.go:78.2,78.22 1 1
github.com/sausheong/hand/internal/app/approval.go:78.22,80.3 1 0
github.com/sausheong/hand/internal/app/approval.go:81.2,82.9 2 1
github.com/sausheong/hand/internal/app/approval.go:83.69,83.69 0 1
github.com/sausheong/hand/internal/app/approval.go:84.20,85.41 1 0
github.com/sausheong/hand/internal/app/approval.go:87.2,87.22 1 1
github.com/sausheong/hand/internal/app/approval.go:92.39,92.49 1 2
github.com/sausheong/hand/internal/app/approval.go:96.186,97.101 1 3
github.com/sausheong/hand/internal/app/approval.go:97.101,99.15 2 3
github.com/sausheong/hand/internal/app/approval.go:99.15,101.4 1 1
github.com/sausheong/hand/internal/app/approval.go:102.3,103.42 2 2
github.com/sausheong/hand/internal/app/approval.go:103.42,104.29 1 2
github.com/sausheong/hand/internal/app/approval.go:105.33,108.28 3 2
github.com/sausheong/hand/internal/app/approval.go:109.33,110.12 1 0
github.com/sausheong/hand/internal/app/approval.go:111.65,111.65 0 0
github.com/sausheong/hand/internal/app/approval.go:112.23,112.23 0 0
github.com/sausheong/hand/internal/app/approval.go:116.3,117.24 2 2
github.com/sausheong/hand/internal/app/approval.go:117.24,119.4 1 1
github.com/sausheong/hand/internal/app/approval.go:120.3,120.23 1 1
github.com/sausheong/hand/internal/app/controller.go:48.44,52.2 3 4
github.com/sausheong/hand/internal/app/controller.go:63.62,65.16 2 6
github.com/sausheong/hand/internal/app/controller.go:65.16,67.3 1 2
github.com/sausheong/hand/internal/app/controller.go:68.2,71.47 4 4
github.com/sausheong/hand/internal/app/controller.go:71.47,73.3 1 0
github.com/sausheong/hand/internal/app/controller.go:74.2,75.43 2 4
github.com/sausheong/hand/internal/app/controller.go:75.43,77.3 1 0
github.com/sausheong/hand/internal/app/controller.go:78.2,82.21 5 4
github.com/sausheong/hand/internal/app/controller.go:82.21,83.29 1 2
github.com/sausheong/hand/internal/app/controller.go:83.29,85.4 1 0
github.com/sausheong/hand/internal/app/controller.go:88.3,90.17 3 2
github.com/sausheong/hand/internal/app/controller.go:90.17,92.4 1 1
github.com/sausheong/hand/internal/app/controller.go:93.3,93.22 1 1
github.com/sausheong/hand/internal/app/controller.go:93.22,95.4 1 0
github.com/sausheong/hand/internal/app/controller.go:96.3,96.16 1 1
github.com/sausheong/hand/internal/app/controller.go:98.2,99.37 2 3
github.com/sausheong/hand/internal/app/controller.go:99.37,101.3 1 0
github.com/sausheong/hand/internal/app/controller.go:103.2,118.65 16 3
github.com/sausheong/hand/internal/app/controller.go:118.65,119.22 1 2
github.com/sausheong/hand/internal/app/controller.go:119.22,121.4 1 1
github.com/sausheong/hand/internal/app/controller.go:122.3,122.47 1 2
github.com/sausheong/hand/internal/app/controller.go:124.2,124.12 1 3
github.com/sausheong/hand/internal/app/controller.go:128.41,128.93 1 2
github.com/sausheong/hand/internal/app/controller.go:130.67,132.16 2 2
github.com/sausheong/hand/internal/app/controller.go:132.16,134.3 1 1
github.com/sausheong/hand/internal/app/controller.go:135.2,138.47 4 1
github.com/sausheong/hand/internal/app/controller.go:138.47,140.3 1 0
github.com/sausheong/hand/internal/app/controller.go:141.2,142.49 2 1
github.com/sausheong/hand/internal/app/controller.go:142.49,144.3 1 0
github.com/sausheong/hand/internal/app/controller.go:145.2,145.42 1 1
github.com/sausheong/hand/internal/app/controller.go:145.42,146.37 1 1
github.com/sausheong/hand/internal/app/controller.go:146.37,148.4 1 0
github.com/sausheong/hand/internal/app/controller.go:150.2,150.34 1 1
github.com/sausheong/hand/internal/app/controller.go:150.34,152.3 1 0
github.com/sausheong/hand/internal/app/controller.go:153.2,155.23 3 1
github.com/sausheong/hand/internal/app/controller.go:155.23,157.17 2 1
github.com/sausheong/hand/internal/app/controller.go:157.17,159.4 1 0
github.com/sausheong/hand/internal/app/controller.go:160.3,161.33 2 1
github.com/sausheong/hand/internal/app/controller.go:162.8,165.21 1 0
github.com/sausheong/hand/internal/app/controller.go:165.21,167.4 1 0
github.com/sausheong/hand/internal/app/controller.go:168.3,169.59 2 0
github.com/sausheong/hand/internal/app/controller.go:169.59,171.4 1 0
github.com/sausheong/hand/internal/app/controller.go:172.3,173.17 2 0
github.com/sausheong/hand/internal/app/controller.go:173.17,175.4 1 0
github.com/sausheong/hand/internal/app/controller.go:177.2,183.16 7 1
github.com/sausheong/hand/internal/app/controller.go:183.16,184.37 1 1
github.com/sausheong/hand/internal/app/controller.go:184.37,186.4 1 0
github.com/sausheong/hand/internal/app/controller.go:188.2,188.12 1 1
github.com/sausheong/hand/internal/app/controller.go:191.46,195.2 3 0
github.com/sausheong/hand/internal/app/controller.go:202.78,204.16 2 1
github.com/sausheong/hand/internal/app/controller.go:204.16,206.3 1 0
github.com/sausheong/hand/internal/app/controller.go:207.2,210.47 4 1
github.com/sausheong/hand/internal/app/controller.go:210.47,212.3 1 0
github.com/sausheong/hand/internal/app/controller.go:213.2,213.65 1 1
github.com/sausheong/hand/internal/app/controller.go:213.65,215.3 1 0
github.com/sausheong/hand/internal/app/controller.go:216.2,217.37 2 1
github.com/sausheong/hand/internal/app/controller.go:217.37,219.3 1 0
github.com/sausheong/hand/internal/app/controller.go:220.2,221.47 2 1
github.com/sausheong/hand/internal/app/controller.go:224.39,225.24 1 96
github.com/sausheong/hand/internal/app/controller.go:225.24,226.21 1 9
github.com/sausheong/hand/internal/app/controller.go:226.21,228.4 1 7
github.com/sausheong/hand/internal/app/controller.go:230.2,230.16 1 96
github.com/sausheong/hand/internal/app/controller.go:232.41,235.40 3 0
github.com/sausheong/hand/internal/app/controller.go:235.40,237.3 1 0
github.com/sausheong/hand/internal/app/controller.go:238.2,238.24 1 0
github.com/sausheong/hand/internal/app/controller.go:243.124,245.16 2 1
github.com/sausheong/hand/internal/app/controller.go:245.16,247.3 1 0
github.com/sausheong/hand/internal/app/controller.go:248.2,249.16 2 1
github.com/sausheong/hand/internal/app/controller.go:249.16,252.3 2 0
github.com/sausheong/hand/internal/app/controller.go:253.2,253.19 1 1
github.com/sausheong/hand/internal/app/controller.go:253.19,256.3 2 0
github.com/sausheong/hand/internal/app/controller.go:257.2,258.12 2 1
github.com/sausheong/hand/internal/app/controller.go:258.12,261.29 3 1
github.com/sausheong/hand/internal/app/controller.go:261.29,262.11 1 2
github.com/sausheong/hand/internal/app/controller.go:263.25,263.25 0 0
github.com/sausheong/hand/internal/app/controller.go:264.28,264.28 0 2
github.com/sausheong/hand/internal/app/controller.go:268.2,268.20 1 1
github.com/sausheong/hand/internal/app/details.go:29.38,31.155 2 210
github.com/sausheong/hand/internal/app/details.go:31.155,32.30 1 1890
github.com/sausheong/hand/internal/app/details.go:32.30,34.72 2 5
github.com/sausheong/hand/internal/app/details.go:34.72,36.5 1 2
github.com/sausheong/hand/internal/app/details.go:37.4,38.22 2 5
github.com/sausheong/hand/internal/app/details.go:40.3,41.27 2 1890
github.com/sausheong/hand/internal/app/details.go:43.2,43.10 1 210
github.com/sausheong/hand/internal/app/harness.go:24.46,25.21 1 3
github.com/sausheong/hand/internal/app/harness.go:25.21,27.3 1 3
github.com/sausheong/hand/internal/app/harness.go:28.2,28.18 1 0
github.com/sausheong/hand/internal/app/harness.go:30.122,31.21 1 6
github.com/sausheong/hand/internal/app/harness.go:31.21,33.3 1 0
github.com/sausheong/hand/internal/app/harness.go:34.2,36.37 3 6
github.com/sausheong/hand/internal/app/harness.go:36.37,38.3 1 0
github.com/sausheong/hand/internal/app/harness.go:39.2,40.16 2 6
github.com/sausheong/hand/internal/app/harness.go:40.16,42.3 1 0
github.com/sausheong/hand/internal/app/harness.go:43.2,43.19 1 6
github.com/sausheong/hand/internal/app/harness.go:43.19,45.3 1 0
github.com/sausheong/hand/internal/app/harness.go:46.2,47.12 2 6
github.com/sausheong/hand/internal/app/harness.go:47.12,49.29 2 6
github.com/sausheong/hand/internal/app/harness.go:49.29,51.11 2 12
github.com/sausheong/hand/internal/app/harness.go:51.11,52.13 1 6
github.com/sausheong/hand/internal/app/harness.go:54.4,54.11 1 6
github.com/sausheong/hand/internal/app/harness.go:55.30,55.30 0 6
github.com/sausheong/hand/internal/app/harness.go:56.22,56.22 0 0
github.com/sausheong/hand/internal/app/harness.go:59.3,61.65 3 6
github.com/sausheong/hand/internal/app/harness.go:61.65,63.4 1 0
github.com/sausheong/hand/internal/app/harness.go:63.9,65.4 1 6
github.com/sausheong/hand/internal/app/harness.go:68.2,68.20 1 6
github.com/sausheong/hand/internal/app/harness.go:71.165,73.28 2 1
github.com/sausheong/hand/internal/app/harness.go:73.28,75.3 1 0
github.com/sausheong/hand/internal/app/harness.go:76.2,77.23 2 1
github.com/sausheong/hand/internal/app/harness.go:77.23,79.3 1 1
github.com/sausheong/hand/internal/app/harness.go:80.2,81.90 1 1
github.com/sausheong/hand/internal/app/harness.go:81.90,83.4 1 0
github.com/sausheong/hand/internal/app/harness.go:89.75,91.20 2 23
github.com/sausheong/hand/internal/app/harness.go:92.30,93.22 1 0
github.com/sausheong/hand/internal/app/harness.go:94.25,97.33 3 6
github.com/sausheong/hand/internal/app/harness.go:97.33,103.4 5 4
github.com/sausheong/hand/internal/app/harness.go:104.26,106.19 2 3
github.com/sausheong/hand/internal/app/harness.go:106.19,108.4 1 1
github.com/sausheong/hand/internal/app/harness.go:109.28,110.49 1 1
github.com/sausheong/hand/internal/app/harness.go:111.34,112.23 1 1
github.com/sausheong/hand/internal/app/harness.go:113.31,114.25 1 2
github.com/sausheong/hand/internal/app/harness.go:115.36,116.30 1 1
github.com/sausheong/hand/internal/app/harness.go:117.35,118.29 1 1
github.com/sausheong/hand/internal/app/harness.go:119.38,120.32 1 1
github.com/sausheong/hand/internal/app/harness.go:121.10,122.18 1 7
github.com/sausheong/hand/internal/app/harness.go:124.2,124.35 1 16
github.com/sausheong/hand/internal/app/harness.go:124.35,127.3 2 1
github.com/sausheong/hand/internal/app/harness.go:128.2,128.33 1 16
github.com/sausheong/hand/internal/app/harness.go:128.33,132.24 4 2
github.com/sausheong/hand/internal/app/harness.go:132.24,134.18 2 2
github.com/sausheong/hand/internal/app/harness.go:134.18,136.5 1 1
github.com/sausheong/hand/internal/app/harness.go:136.10,138.5 1 1
github.com/sausheong/hand/internal/app/harness.go:141.2,141.37 1 16
github.com/sausheong/hand/internal/app/harness.go:141.37,146.3 4 3
github.com/sausheong/hand/internal/app/harness.go:147.2,148.16 2 16
github.com/sausheong/hand/internal/app/metadata.go:24.98,25.37 1 16
github.com/sausheong/hand/internal/app/metadata.go:25.37,27.3 1 0
github.com/sausheong/hand/internal/app/metadata.go:28.2,28.30 1 16
github.com/sausheong/hand/internal/app/metadata.go:28.30,30.3 1 6
github.com/sausheong/hand/internal/app/metadata.go:31.2,34.16 4 10
github.com/sausheong/hand/internal/app/metadata.go:34.16,36.3 1 0
github.com/sausheong/hand/internal/app/metadata.go:37.2,37.27 1 10
github.com/sausheong/hand/internal/app/metadata.go:37.27,39.16 2 3
github.com/sausheong/hand/internal/app/metadata.go:39.16,41.4 1 0
github.com/sausheong/hand/internal/app/metadata.go:42.3,42.49 1 3
github.com/sausheong/hand/internal/app/metadata.go:44.2,44.109 1 10
github.com/sausheong/hand/internal/app/metadata.go:44.109,44.143 1 1
github.com/sausheong/hand/internal/app/metadata.go:45.2,46.16 2 10
github.com/sausheong/hand/internal/app/metadata.go:46.16,48.3 1 1
github.com/sausheong/hand/internal/app/metadata.go:49.2,50.42 2 9
github.com/sausheong/hand/internal/app/metadata.go:50.42,52.3 1 2
github.com/sausheong/hand/internal/app/metadata.go:53.2,54.16 2 7
github.com/sausheong/hand/internal/app/metadata.go:54.16,56.3 1 0
github.com/sausheong/hand/internal/app/metadata.go:57.2,57.33 1 7
github.com/sausheong/hand/internal/app/metadata.go:57.33,59.3 1 1
github.com/sausheong/hand/internal/app/metadata.go:60.2,66.52 2 6
github.com/sausheong/hand/internal/app/metadata.go:66.52,68.3 1 1
github.com/sausheong/hand/internal/app/metadata.go:69.2,69.28 1 5
github.com/sausheong/hand/internal/app/metadata.go:69.28,71.3 1 1
github.com/sausheong/hand/internal/app/metadata.go:72.2,72.49 1 4
github.com/sausheong/hand/internal/app/metadata.go:72.49,74.3 1 1
github.com/sausheong/hand/internal/app/metadata.go:75.2,76.194 2 3
github.com/sausheong/hand/internal/app/metadata.go:82.94,84.16 2 8
github.com/sausheong/hand/internal/app/metadata.go:84.16,86.3 1 0
github.com/sausheong/hand/internal/app/metadata.go:87.2,88.24 2 8
github.com/sausheong/hand/internal/app/metadata.go:88.24,90.3 1 5
github.com/sausheong/hand/internal/app/metadata.go:90.8,90.30 1 3
github.com/sausheong/hand/internal/app/metadata.go:90.30,93.3 2 1
github.com/sausheong/hand/internal/app/metadata.go:94.2,94.15 1 8
github.com/sausheong/hand/internal/app/model_info.go:24.77,26.18 2 10
github.com/sausheong/hand/internal/app/model_info.go:26.18,28.27 2 3
github.com/sausheong/hand/internal/app/model_info.go:28.27,30.4 1 0
github.com/sausheong/hand/internal/app/model_info.go:32.2,32.178 1 10
github.com/sausheong/hand/internal/app/model_info.go:34.47,36.112 2 297
github.com/sausheong/hand/internal/app/model_info.go:36.112,37.30 1 1188
github.com/sausheong/hand/internal/app/model_info.go:37.30,39.44 2 2
github.com/sausheong/hand/internal/app/model_info.go:39.44,41.5 1 0
github.com/sausheong/hand/internal/app/model_info.go:42.4,43.25 2 2
github.com/sausheong/hand/internal/app/model_info.go:45.3,46.27 2 1188
github.com/sausheong/hand/internal/app/model_info.go:48.2,48.13 1 297
github.com/sausheong/hand/internal/app/profiles.go:13.61,17.2 3 13
github.com/sausheong/hand/internal/app/profiles.go:21.102,23.16 2 4
github.com/sausheong/hand/internal/app/profiles.go:23.16,25.3 1 0
github.com/sausheong/hand/internal/app/profiles.go:26.2,27.107 2 4
github.com/sausheong/hand/internal/app/profiles.go:27.107,29.3 1 0
github.com/sausheong/hand/internal/app/profiles.go:30.2,33.32 4 4
github.com/sausheong/hand/internal/app/profiles.go:33.32,35.3 1 7
github.com/sausheong/hand/internal/app/profiles.go:36.2,42.12 7 4
github.com/sausheong/hand/internal/app/profiles.go:45.46,49.31 4 1
github.com/sausheong/hand/internal/app/profiles.go:49.31,51.3 1 2
github.com/sausheong/hand/internal/app/profiles.go:52.2,53.14 2 1
github.com/sausheong/hand/internal/app/profiles.go:55.46,59.2 3 2
github.com/sausheong/hand/internal/app/profiles.go:60.41,64.2 3 4
github.com/sausheong/hand/internal/app/profiles.go:68.55,70.2 1 10
github.com/sausheong/hand/internal/app/profiles.go:72.83,74.16 2 10
github.com/sausheong/hand/internal/app/profiles.go:74.16,76.3 1 1
github.com/sausheong/hand/internal/app/profiles.go:77.2,81.9 5 9
github.com/sausheong/hand/internal/app/profiles.go:81.9,83.3 1 1
github.com/sausheong/hand/internal/app/profiles.go:84.2,84.47 1 8
github.com/sausheong/hand/internal/app/profiles.go:84.47,86.3 1 0
github.com/sausheong/hand/internal/app/profiles.go:87.2,87.37 1 8
github.com/sausheong/hand/internal/app/profiles.go:87.37,89.3 1 0
github.com/sausheong/hand/internal/app/profiles.go:90.2,90.45 1 8
github.com/sausheong/hand/internal/app/profiles.go:90.45,92.3 1 1
github.com/sausheong/hand/internal/app/profiles.go:93.2,93.47 1 7
github.com/sausheong/hand/internal/app/profiles.go:93.47,94.105 1 2
github.com/sausheong/hand/internal/app/profiles.go:94.105,96.4 1 1
github.com/sausheong/hand/internal/app/profiles.go:98.2,98.35 1 6
github.com/sausheong/hand/internal/app/profiles.go:98.35,100.3 1 0
github.com/sausheong/hand/internal/app/profiles.go:101.2,102.16 2 6
github.com/sausheong/hand/internal/app/profiles.go:102.16,104.3 1 0
github.com/sausheong/hand/internal/app/profiles.go:105.2,106.16 2 6
github.com/sausheong/hand/internal/app/profiles.go:106.16,108.3 1 1
github.com/sausheong/hand/internal/app/profiles.go:109.2,109.21 1 5
github.com/sausheong/hand/internal/app/profiles.go:109.21,111.3 1 0
github.com/sausheong/hand/internal/app/profiles.go:112.2,112.40 1 5
github.com/sausheong/hand/internal/app/profiles.go:112.40,114.3 1 0
github.com/sausheong/hand/internal/app/profiles.go:115.2,116.37 2 5
github.com/sausheong/hand/internal/app/profiles.go:116.37,118.3 1 0
github.com/sausheong/hand/internal/app/profiles.go:119.2,120.33 2 5
github.com/sausheong/hand/internal/app/profiles.go:120.33,122.3 1 2
github.com/sausheong/hand/internal/app/profiles.go:123.2,140.65 18 5
github.com/sausheong/hand/internal/app/profiles.go:140.65,143.3 2 2
github.com/sausheong/hand/internal/app/profiles.go:144.2,144.12 1 5
github.com/sausheong/hand/internal/app/run_journal.go:35.43,36.86 1 58
github.com/sausheong/hand/internal/app/run_journal.go:36.86,38.3 1 2
github.com/sausheong/hand/internal/app/run_journal.go:39.2,39.17 1 56
github.com/sausheong/hand/internal/app/run_journal.go:40.15,41.23 1 35
github.com/sausheong/hand/internal/app/run_journal.go:41.23,43.4 1 0
github.com/sausheong/hand/internal/app/run_journal.go:44.16,45.77 1 21
github.com/sausheong/hand/internal/app/run_journal.go:45.77,47.4 1 0
github.com/sausheong/hand/internal/app/run_journal.go:48.3,48.27 1 21
github.com/sausheong/hand/internal/app/run_journal.go:49.127,49.127 0 21
github.com/sausheong/hand/internal/app/run_journal.go:50.11,51.48 1 0
github.com/sausheong/hand/internal/app/run_journal.go:53.3,53.66 1 21
github.com/sausheong/hand/internal/app/run_journal.go:53.66,55.4 1 0
github.com/sausheong/hand/internal/app/run_journal.go:56.10,57.53 1 0
github.com/sausheong/hand/internal/app/run_journal.go:59.2,59.12 1 56
github.com/sausheong/hand/internal/app/run_journal.go:62.60,63.50 1 22
github.com/sausheong/hand/internal/app/run_journal.go:63.50,65.3 1 0
github.com/sausheong/hand/internal/app/run_journal.go:66.2,66.50 1 22
github.com/sausheong/hand/internal/app/run_journal.go:66.50,68.3 1 0
github.com/sausheong/hand/internal/app/run_journal.go:69.2,70.16 2 22
github.com/sausheong/hand/internal/app/run_journal.go:70.16,72.3 1 1
github.com/sausheong/hand/internal/app/run_journal.go:73.2,74.27 2 21
github.com/sausheong/hand/internal/app/run_journal.go:74.27,75.32 1 11
github.com/sausheong/hand/internal/app/run_journal.go:75.32,76.12 1 1
github.com/sausheong/hand/internal/app/run_journal.go:78.3,79.121 2 10
github.com/sausheong/hand/internal/app/run_journal.go:79.121,81.4 1 3
github.com/sausheong/hand/internal/app/run_journal.go:83.2,83.40 1 18
github.com/sausheong/hand/internal/app/run_journal.go:83.40,85.3 1 1
github.com/sausheong/hand/internal/app/run_journal.go:86.2,87.16 2 17
github.com/sausheong/hand/internal/app/run_journal.go:87.16,89.3 1 0
github.com/sausheong/hand/internal/app/run_journal.go:90.2,90.57 1 17
github.com/sausheong/hand/internal/app/run_journal.go:95.67,96.17 1 34
github.com/sausheong/hand/internal/app/run_journal.go:96.17,98.3 1 0
github.com/sausheong/hand/internal/app/run_journal.go:99.2,101.62 3 34
github.com/sausheong/hand/internal/app/run_journal.go:101.62,103.69 2 36
github.com/sausheong/hand/internal/app/run_journal.go:103.69,105.4 1 0
github.com/sausheong/hand/internal/app/run_journal.go:106.3,106.51 1 36
github.com/sausheong/hand/internal/app/run_journal.go:106.51,108.4 1 2
github.com/sausheong/hand/internal/app/run_journal.go:109.3,110.30 2 34
github.com/sausheong/hand/internal/app/run_journal.go:110.30,111.14 1 23
github.com/sausheong/hand/internal/app/run_journal.go:111.14,113.5 1 0
github.com/sausheong/hand/internal/app/run_journal.go:114.4,116.12 3 23
github.com/sausheong/hand/internal/app/run_journal.go:118.3,118.14 1 11
github.com/sausheong/hand/internal/app/run_journal.go:118.14,120.4 1 0
github.com/sausheong/hand/internal/app/run_journal.go:121.3,121.118 1 11
github.com/sausheong/hand/internal/app/run_journal.go:121.118,123.4 1 0
github.com/sausheong/hand/internal/app/run_journal.go:124.3,124.31 1 11
github.com/sausheong/hand/internal/app/run_journal.go:126.2,126.18 1 32
github.com/sausheong/hand/internal/app/run_journal.go:129.58,133.2 3 0
github.com/sausheong/hand/internal/app/service.go:91.53,94.2 2 35
github.com/sausheong/hand/internal/app/service.go:95.39,99.2 3 10
github.com/sausheong/hand/internal/app/service.go:103.33,106.34 3 5
github.com/sausheong/hand/internal/app/service.go:106.34,108.3 1 3
github.com/sausheong/hand/internal/app/service.go:109.2,111.13 3 2
github.com/sausheong/hand/internal/app/service.go:118.153,120.16 2 20
github.com/sausheong/hand/internal/app/service.go:120.16,122.3 1 3
github.com/sausheong/hand/internal/app/service.go:123.2,123.68 1 17
github.com/sausheong/hand/internal/app/service.go:126.141,129.14 3 37
github.com/sausheong/hand/internal/app/service.go:129.14,131.3 1 3
github.com/sausheong/hand/internal/app/service.go:132.2,132.105 1 34
github.com/sausheong/hand/internal/app/service.go:132.105,134.3 1 4
github.com/sausheong/hand/internal/app/service.go:135.2,135.22 1 30
github.com/sausheong/hand/internal/app/service.go:135.22,137.3 1 0
github.com/sausheong/hand/internal/app/service.go:138.2,144.49 7 30
github.com/sausheong/hand/internal/app/service.go:147.196,148.15 1 30
github.com/sausheong/hand/internal/app/service.go:148.15,155.3 6 30
github.com/sausheong/hand/internal/app/service.go:156.2,156.31 1 30
github.com/sausheong/hand/internal/app/service.go:156.31,167.21 11 266
github.com/sausheong/hand/internal/app/service.go:167.21,169.4 1 255
github.com/sausheong/hand/internal/app/service.go:171.2,171.28 1 30
github.com/sausheong/hand/internal/app/service.go:171.28,172.27 1 194
github.com/sausheong/hand/internal/app/service.go:172.27,173.44 1 80
github.com/sausheong/hand/internal/app/service.go:173.44,174.25 1 74
github.com/sausheong/hand/internal/app/service.go:174.25,176.6 1 1
github.com/sausheong/hand/internal/app/service.go:177.5,181.35 5 73
github.com/sausheong/hand/internal/app/service.go:184.3,184.42 1 193
github.com/sausheong/hand/internal/app/service.go:184.42,187.4 2 0
github.com/sausheong/hand/internal/app/service.go:188.3,188.43 1 193
github.com/sausheong/hand/internal/app/service.go:188.43,191.4 2 1
github.com/sausheong/hand/internal/app/service.go:192.3,196.17 5 193
github.com/sausheong/hand/internal/app/service.go:198.2,198.49 1 30
github.com/sausheong/hand/internal/app/service.go:198.49,200.23 2 46
github.com/sausheong/hand/internal/app/service.go:200.23,202.4 1 0
github.com/sausheong/hand/internal/app/service.go:202.9,204.4 1 46
github.com/sausheong/hand/internal/app/service.go:205.3,206.51 2 46
github.com/sausheong/hand/internal/app/service.go:208.2,208.105 1 30
github.com/sausheong/hand/internal/app/service.go:208.105,210.3 1 29
github.com/sausheong/hand/internal/app/service.go:211.2,211.39 1 30
github.com/sausheong/hand/internal/app/service.go:211.39,212.34 1 29
github.com/sausheong/hand/internal/app/service.go:212.34,214.4 1 1
github.com/sausheong/hand/internal/app/service.go:215.3,216.37 2 28
github.com/sausheong/hand/internal/app/service.go:216.37,217.24 1 29
github.com/sausheong/hand/internal/app/service.go:217.24,219.5 1 1
github.com/sausheong/hand/internal/app/service.go:220.4,223.23 4 28
github.com/sausheong/hand/internal/app/service.go:223.23,224.25 1 2
github.com/sausheong/hand/internal/app/service.go:224.25,226.6 1 0
github.com/sausheong/hand/internal/app/service.go:227.5,227.88 1 2
github.com/sausheong/hand/internal/app/service.go:229.4,229.21 1 26
github.com/sausheong/hand/internal/app/service.go:229.21,231.5 1 1
github.com/sausheong/hand/internal/app/service.go:232.4,235.8 3 25
github.com/sausheong/hand/internal/app/service.go:235.8,237.12 2 136
github.com/sausheong/hand/internal/app/service.go:238.33,240.26 2 3
github.com/sausheong/hand/internal/app/service.go:240.26,242.7 1 3
github.com/sausheong/hand/internal/app/service.go:243.6,243.14 1 3
github.com/sausheong/hand/internal/app/service.go:244.32,245.13 1 133
github.com/sausheong/hand/internal/app/service.go:245.13,246.24 1 25
github.com/sausheong/hand/internal/app/service.go:248.6,248.19 1 108
github.com/sausheong/hand/internal/app/service.go:250.5,250.80 1 108
github.com/sausheong/hand/internal/app/service.go:250.80,252.6 1 9
github.com/sausheong/hand/internal/app/service.go:253.5,253.45 1 108
github.com/sausheong/hand/internal/app/service.go:253.45,255.6 1 80
github.com/sausheong/hand/internal/app/service.go:256.5,256.19 1 108
github.com/sausheong/hand/internal/app/service.go:256.19,258.6 1 19
github.com/sausheong/hand/internal/app/service.go:259.5,259.42 1 108
github.com/sausheong/hand/internal/app/service.go:259.42,261.6 1 2
github.com/sausheong/hand/internal/app/service.go:263.4,264.24 2 25
github.com/sausheong/hand/internal/app/service.go:264.24,266.5 1 5
github.com/sausheong/hand/internal/app/service.go:267.4,268.98 2 20
github.com/sausheong/hand/internal/app/service.go:268.98,270.5 1 2
github.com/sausheong/hand/internal/app/service.go:271.4,273.30 3 18
github.com/sausheong/hand/internal/app/service.go:273.30,275.5 1 5
github.com/sausheong/hand/internal/app/service.go:276.4,276.24 1 18
github.com/sausheong/hand/internal/app/service.go:276.24,278.5 1 1
github.com/sausheong/hand/internal/app/service.go:279.4,279.24 1 17
github.com/sausheong/hand/internal/app/service.go:279.24,281.5 1 1
github.com/sausheong/hand/internal/app/service.go:282.4,282.23 1 16
github.com/sausheong/hand/internal/app/service.go:282.23,286.5 3 15
github.com/sausheong/hand/internal/app/service.go:287.4,287.44 1 1
github.com/sausheong/hand/internal/app/service.go:287.44,289.5 1 0
github.com/sausheong/hand/internal/app/service.go:290.4,291.78 2 1
github.com/sausheong/hand/internal/app/service.go:294.2,297.20 4 30
github.com/sausheong/hand/internal/app/service.go:297.20,298.65 1 7
github.com/sausheong/hand/internal/app/service.go:298.65,300.4 1 1
github.com/sausheong/hand/internal/app/service.go:300.9,302.4 1 6
github.com/sausheong/hand/internal/app/service.go:304.2,304.39 1 30
github.com/sausheong/hand/internal/app/service.go:304.39,306.3 1 29
github.com/sausheong/hand/internal/app/service.go:307.2,310.60 2 30
github.com/sausheong/hand/internal/app/service.go:310.60,312.3 1 0
github.com/sausheong/hand/internal/app/service.go:313.2,315.20 3 30
github.com/sausheong/hand/internal/app/service.go:315.20,320.65 5 6
github.com/sausheong/hand/internal/app/service.go:320.65,322.4 1 1
github.com/sausheong/hand/internal/app/service.go:324.2,325.25 2 30
github.com/sausheong/hand/internal/app/service.go:325.25,327.3 1 14
github.com/sausheong/hand/internal/app/service.go:328.2,329.20 2 30
github.com/sausheong/hand/internal/app/service.go:334.97,337.14 3 32
github.com/sausheong/hand/internal/app/service.go:337.14,339.3 1 5
github.com/sausheong/hand/internal/app/service.go:340.2,346.20 7 27
github.com/sausheong/hand/internal/app/service.go:346.20,347.18 1 27
github.com/sausheong/hand/internal/app/service.go:347.18,354.4 6 27
github.com/sausheong/hand/internal/app/service.go:356.2,356.26 1 27
github.com/sausheong/hand/internal/app/service.go:360.41,361.37 1 74
github.com/sausheong/hand/internal/app/service.go:361.37,363.3 1 0
github.com/sausheong/hand/internal/app/service.go:364.2,365.43 2 74
github.com/sausheong/hand/internal/app/service.go:365.43,367.3 1 3
github.com/sausheong/hand/internal/app/service.go:368.2,368.15 1 74
github.com/sausheong/hand/internal/app/service.go:368.15,370.3 1 0
github.com/sausheong/hand/internal/app/service.go:371.2,371.13 1 74
github.com/sausheong/hand/internal/app/service.go:376.58,377.57 1 3
github.com/sausheong/hand/internal/app/service.go:377.57,379.3 1 1
github.com/sausheong/hand/internal/app/service.go:380.2,380.30 1 2
github.com/sausheong/hand/internal/app/service.go:380.30,381.40 1 2
github.com/sausheong/hand/internal/app/service.go:381.40,383.4 1 0
github.com/sausheong/hand/internal/app/service.go:385.2,386.16 2 2
github.com/sausheong/hand/internal/app/service.go:386.16,388.3 1 1
github.com/sausheong/hand/internal/app/service.go:389.2,393.12 5 1
github.com/sausheong/hand/internal/app/session_export.go:8.83,10.16 2 0
github.com/sausheong/hand/internal/app/session_export.go:10.16,12.3 1 0
github.com/sausheong/hand/internal/app/session_export.go:13.2,16.46 4 0
github.com/sausheong/hand/internal/app/session_export.go:16.46,18.3 1 0
github.com/sausheong/hand/internal/app/session_export.go:19.2,19.47 1 0
github.com/sausheong/hand/internal/app/session_export.go:19.47,21.3 1 0
github.com/sausheong/hand/internal/app/session_export.go:22.2,22.72 1 0
github.com/sausheong/hand/internal/app/session_fork.go:8.61,10.16 2 0
github.com/sausheong/hand/internal/app/session_fork.go:10.16,12.3 1 0
github.com/sausheong/hand/internal/app/session_fork.go:13.2,16.46 4 0
github.com/sausheong/hand/internal/app/session_fork.go:16.46,18.3 1 0
github.com/sausheong/hand/internal/app/session_fork.go:19.2,20.38 2 0
github.com/sausheong/hand/internal/app/session_fork.go:20.38,22.3 1 0
github.com/sausheong/hand/internal/app/session_fork.go:23.2,23.36 1 0
github.com/sausheong/hand/internal/app/session_fork.go:23.36,25.3 1 0
github.com/sausheong/hand/internal/app/session_fork.go:26.2,27.16 2 0
github.com/sausheong/hand/internal/app/session_fork.go:27.16,29.3 1 0
github.com/sausheong/hand/internal/app/session_fork.go:30.2,35.36 6 0
github.com/sausheong/hand/internal/app/session_fork.go:35.36,37.3 1 0
github.com/sausheong/hand/internal/app/session_fork.go:38.2,38.12 1 0
github.com/sausheong/hand/internal/app/session_tree.go:16.78,18.16 2 0
github.com/sausheong/hand/internal/app/session_tree.go:18.16,20.3 1 0
github.com/sausheong/hand/internal/app/session_tree.go:21.2,24.25 4 0
github.com/sausheong/hand/internal/app/session_tree.go:24.25,26.3 1 0
github.com/sausheong/hand/internal/app/session_tree.go:27.2,27.47 1 0
github.com/sausheong/hand/internal/app/session_tree.go:27.47,29.3 1 0
github.com/sausheong/hand/internal/app/session_tree.go:30.2,32.47 3 0
github.com/sausheong/hand/internal/app/session_tree.go:32.47,33.35 1 0
github.com/sausheong/hand/internal/app/session_tree.go:33.35,35.4 1 0
github.com/sausheong/hand/internal/app/session_tree.go:36.3,36.133 1 0
github.com/sausheong/hand/internal/app/session_tree.go:36.133,37.12 1 0
github.com/sausheong/hand/internal/app/session_tree.go:39.3,39.149 1 0
github.com/sausheong/hand/internal/app/session_tree.go:41.2,41.19 1 0
github.com/sausheong/hand/internal/app/session_tree.go:46.78,48.16 2 0
github.com/sausheong/hand/internal/app/session_tree.go:48.16,50.3 1 0
github.com/sausheong/hand/internal/app/session_tree.go:51.2,54.25 4 0
github.com/sausheong/hand/internal/app/session_tree.go:54.25,56.3 1 0
github.com/sausheong/hand/internal/app/session_tree.go:57.2,57.47 1 0
github.com/sausheong/hand/internal/app/session_tree.go:57.47,59.3 1 0
github.com/sausheong/hand/internal/app/session_tree.go:60.2,60.34 1 0
github.com/sausheong/hand/internal/app/session_tree.go:60.34,62.3 1 0
github.com/sausheong/hand/internal/app/session_tree.go:63.2,63.48 1 0
github.com/sausheong/hand/internal/app/session_tree.go:63.48,65.3 1 0
github.com/sausheong/hand/internal/app/session_tree.go:66.2,67.12 2 0
github.com/sausheong/hand/internal/app/session_usage.go:5.69,9.2 3 0
github.com/sausheong/hand/internal/app/sessions.go:13.72,15.2 1 1
github.com/sausheong/hand/internal/app/sessions.go:17.98,18.34 1 1
github.com/sausheong/hand/internal/app/sessions.go:18.34,20.3 1 0
github.com/sausheong/hand/internal/app/sessions.go:21.2,23.23 3 1
github.com/sausheong/hand/internal/app/sessions.go:23.23,25.3 1 0
github.com/sausheong/hand/internal/app/sessions.go:26.2,27.16 2 1
github.com/sausheong/hand/internal/app/sessions.go:27.16,29.3 1 0
github.com/sausheong/hand/internal/app/sessions.go:30.2,30.34 1 1
github.com/sausheong/hand/internal/app/sessions.go:30.34,32.3 1 0
github.com/sausheong/hand/internal/app/sessions.go:33.2,34.43 2 1
github.com/sausheong/hand/internal/app/sessions.go:34.43,35.37 1 1
github.com/sausheong/hand/internal/app/sessions.go:35.37,37.4 1 1
github.com/sausheong/hand/internal/app/sessions.go:39.2,39.48 1 1
github.com/sausheong/hand/internal/app/sessions.go:39.48,40.57 1 0
github.com/sausheong/hand/internal/app/sessions.go:40.57,42.4 1 0
github.com/sausheong/hand/internal/app/sessions.go:43.3,43.60 1 0
github.com/sausheong/hand/internal/app/sessions.go:45.2,45.21 1 1
github.com/sausheong/hand/internal/app/sessions.go:48.55,50.2 1 1
github.com/sausheong/hand/internal/app/sessions.go:52.83,54.16 2 1
github.com/sausheong/hand/internal/app/sessions.go:54.16,56.3 1 0
github.com/sausheong/hand/internal/app/sessions.go:57.2,60.46 4 1
github.com/sausheong/hand/internal/app/sessions.go:60.46,62.3 1 0
github.com/sausheong/hand/internal/app/sessions.go:63.2,63.34 1 1
github.com/sausheong/hand/internal/app/sessions.go:63.34,65.3 1 0
github.com/sausheong/hand/internal/app/sessions.go:66.2,66.61 1 1
github.com/sausheong/hand/internal/app/sessions.go:71.53,73.2 1 2
github.com/sausheong/hand/internal/app/sessions.go:75.81,76.14 1 2
github.com/sausheong/hand/internal/app/sessions.go:76.14,78.3 1 0
github.com/sausheong/hand/internal/app/sessions.go:79.2,80.16 2 2
github.com/sausheong/hand/internal/app/sessions.go:80.16,82.3 1 0
github.com/sausheong/hand/internal/app/sessions.go:83.2,86.23 4 2
github.com/sausheong/hand/internal/app/sessions.go:86.23,88.3 1 0
github.com/sausheong/hand/internal/app/sessions.go:89.2,89.47 1 2
github.com/sausheong/hand/internal/app/sessions.go:89.47,91.3 1 0
github.com/sausheong/hand/internal/app/sessions.go:92.2,93.16 2 2
github.com/sausheong/hand/internal/app/sessions.go:93.16,94.37 1 2
github.com/sausheong/hand/internal/app/sessions.go:94.37,96.4 1 0
github.com/sausheong/hand/internal/app/sessions.go:97.3,97.19 1 2
github.com/sausheong/hand/internal/app/sessions.go:97.19,99.4 1 1
github.com/sausheong/hand/internal/app/sessions.go:101.2,102.16 2 1
github.com/sausheong/hand/internal/app/sessions.go:102.16,104.3 1 1
github.com/sausheong/hand/internal/app/sessions.go:105.2,111.16 7 0
github.com/sausheong/hand/internal/app/sessions.go:111.16,112.37 1 0
github.com/sausheong/hand/internal/app/sessions.go:112.37,114.4 1 0
github.com/sausheong/hand/internal/app/sessions.go:116.2,116.31 1 0
github.com/sausheong/hand/internal/app/sessions.go:116.31,118.3 1 0
github.com/sausheong/hand/internal/app/sessions.go:119.2,119.12 1 0
github.com/sausheong/hand/internal/app/sessions.go:122.62,125.25 3 0
github.com/sausheong/hand/internal/app/sessions.go:125.25,127.3 1 0
github.com/sausheong/hand/internal/app/sessions.go:128.2,128.31 1 0
github.com/sausheong/hand/internal/app/stream.go:28.49,28.70 1 2
github.com/sausheong/hand/internal/app/stream.go:30.53,30.74 1 6
github.com/sausheong/hand/internal/app/stream.go:31.53,31.67 1 4
github.com/sausheong/hand/internal/app/stream.go:32.53,32.90 2 12
github.com/sausheong/hand/internal/app/stream.go:35.37,35.65 2 1
github.com/sausheong/hand/internal/app/stream.go:41.108,43.16 2 17
github.com/sausheong/hand/internal/app/stream.go:43.16,45.3 1 4
github.com/sausheong/hand/internal/app/stream.go:46.2,47.31 2 13
github.com/sausheong/hand/internal/app/stream.go:47.31,49.3 1 3
github.com/sausheong/hand/internal/app/stream.go:50.2,53.132 4 13
github.com/sausheong/hand/internal/app/stream.go:53.132,56.67 3 10
github.com/sausheong/hand/internal/app/stream.go:56.67,58.4 1 6
github.com/sausheong/hand/internal/app/stream.go:59.3,61.14 3 4
github.com/sausheong/hand/internal/app/stream.go:63.2,63.12 1 13
github.com/sausheong/hand/internal/app/stream.go:63.12,67.106 4 13
github.com/sausheong/hand/internal/app/stream.go:67.106,68.37 1 197
github.com/sausheong/hand/internal/app/stream.go:68.37,71.5 2 1
github.com/sausheong/hand/internal/app/stream.go:72.4,72.32 1 197
github.com/sausheong/hand/internal/app/stream.go:72.32,75.5 2 13
github.com/sausheong/hand/internal/app/stream.go:76.4,76.24 1 184
github.com/sausheong/hand/internal/app/stream.go:76.24,78.5 1 5
github.com/sausheong/hand/internal/app/stream.go:79.4,79.11 1 179
github.com/sausheong/hand/internal/app/stream.go:80.25,80.25 0 177
github.com/sausheong/hand/internal/app/stream.go:81.22,81.22 0 2
github.com/sausheong/hand/internal/app/stream.go:85.3,85.20 1 13
github.com/sausheong/hand/internal/app/stream.go:85.20,87.4 1 1
github.com/sausheong/hand/internal/app/stream.go:88.3,92.14 5 13
github.com/sausheong/hand/internal/app/stream.go:94.2,94.20 1 13
github.com/sausheong/hand/internal/app/usage_observer.go:16.102,19.65 3 7
github.com/sausheong/hand/internal/app/usage_observer.go:19.65,20.68 1 7
github.com/sausheong/hand/internal/app/usage_observer.go:20.68,22.20 2 0
github.com/sausheong/hand/internal/app/usage_observer.go:22.20,24.5 1 0
github.com/sausheong/hand/internal/app/usage_observer.go:25.4,25.15 1 0
github.com/sausheong/hand/internal/app/usage_observer.go:28.2,28.27 1 7
github.com/sausheong/hand/internal/app/usage_observer.go:28.27,28.73 3 14
github.com/sausheong/hand/internal/permissions/permissions.go:26.53,28.2 1 11
github.com/sausheong/hand/internal/permissions/permissions.go:31.43,33.2 1 0
github.com/sausheong/hand/internal/permissions/permissions.go:40.42,42.24 2 8
github.com/sausheong/hand/internal/permissions/permissions.go:42.24,44.3 1 3
github.com/sausheong/hand/internal/permissions/permissions.go:45.2,45.16 1 5
github.com/sausheong/hand/internal/permissions/permissions.go:45.16,47.3 1 0
github.com/sausheong/hand/internal/permissions/permissions.go:52.2,52.46 1 5
github.com/sausheong/hand/internal/permissions/permissions.go:52.46,54.3 1 0
github.com/sausheong/hand/internal/permissions/permissions.go:56.2,57.49 2 5
github.com/sausheong/hand/internal/permissions/permissions.go:57.49,59.3 1 0
github.com/sausheong/hand/internal/permissions/permissions.go:60.2,60.15 1 5
github.com/sausheong/hand/internal/permissions/permissions.go:65.42,66.63 1 8
github.com/sausheong/hand/internal/permissions/permissions.go:66.63,68.3 1 0
github.com/sausheong/hand/internal/permissions/permissions.go:69.2,70.16 2 8
github.com/sausheong/hand/internal/permissions/permissions.go:70.16,72.3 1 0
github.com/sausheong/hand/internal/permissions/permissions.go:73.2,78.64 2 8
github.com/sausheong/hand/internal/permissions/permissions.go:78.64,80.3 1 0
github.com/sausheong/hand/internal/permissions/permissions.go:81.2,81.12 1 8
github.com/sausheong/hand/internal/permissions/permissions.go:96.44,98.16 2 3
github.com/sausheong/hand/internal/permissions/permissions.go:98.16,100.3 1 0
github.com/sausheong/hand/internal/permissions/permissions.go:101.2,101.45 1 3
github.com/sausheong/hand/internal/permissions/permissions.go:110.59,112.2 1 2
github.com/sausheong/hand/internal/permissions/permissions.go:120.40,122.2 1 1
github.com/sausheong/hand/internal/permissions/permissions.go:125.52,129.2 3 5
github.com/sausheong/hand/internal/permissions/permissions.go:133.52,136.39 3 4
github.com/sausheong/hand/internal/permissions/permissions.go:136.39,138.3 1 1
github.com/sausheong/hand/internal/permissions/permissions.go:139.2,140.44 2 3
github.com/sausheong/hand/internal/permissions/permissions.go:140.44,142.3 1 0
github.com/sausheong/hand/internal/permissions/permissions.go:143.2,144.12 2 3
github.com/sausheong/hand/internal/permissions/trust.go:22.53,24.2 1 7
github.com/sausheong/hand/internal/permissions/trust.go:27.34,29.16 2 0
github.com/sausheong/hand/internal/permissions/trust.go:29.16,31.3 1 0
github.com/sausheong/hand/internal/permissions/trust.go:32.2,32.56 1 0
github.com/sausheong/hand/internal/permissions/trust.go:38.48,40.24 2 7
github.com/sausheong/hand/internal/permissions/trust.go:40.24,42.3 1 4
github.com/sausheong/hand/internal/permissions/trust.go:43.2,43.16 1 3
github.com/sausheong/hand/internal/permissions/trust.go:43.16,45.3 1 0
github.com/sausheong/hand/internal/permissions/trust.go:47.2,48.49 2 3
github.com/sausheong/hand/internal/permissions/trust.go:48.49,50.3 1 0
github.com/sausheong/hand/internal/permissions/trust.go:51.2,51.15 1 3
github.com/sausheong/hand/internal/permissions/trust.go:56.48,57.63 1 3
github.com/sausheong/hand/internal/permissions/trust.go:57.63,59.3 1 0
github.com/sausheong/hand/internal/permissions/trust.go:60.2,61.16 2 3
github.com/sausheong/hand/internal/permissions/trust.go:61.16,63.3 1 0
github.com/sausheong/hand/internal/permissions/trust.go:64.2,65.56 2 3
github.com/sausheong/hand/internal/permissions/trust.go:65.56,67.3 1 0
github.com/sausheong/hand/internal/permissions/trust.go:68.2,68.12 1 3
github.com/sausheong/hand/internal/permissions/trust.go:73.48,75.16 2 4
github.com/sausheong/hand/internal/permissions/trust.go:75.16,77.3 1 0
github.com/sausheong/hand/internal/permissions/trust.go:78.2,78.28 1 4
github.com/sausheong/hand/internal/permissions/trust.go:78.28,80.3 1 1
github.com/sausheong/hand/internal/permissions/trust.go:81.2,82.27 2 3
github.com/sausheong/hand/internal/agentio/approval.go:68.107,69.28 1 44
github.com/sausheong/hand/internal/agentio/approval.go:69.28,73.108 2 18
github.com/sausheong/hand/internal/agentio/approval.go:73.108,75.4 1 4
github.com/sausheong/hand/internal/agentio/approval.go:77.2,77.40 1 40
github.com/sausheong/hand/internal/agentio/approval.go:105.79,106.45 1 19
github.com/sausheong/hand/internal/agentio/approval.go:106.45,108.3 1 1
github.com/sausheong/hand/internal/agentio/approval.go:109.2,111.39 3 18
github.com/sausheong/hand/internal/agentio/approval.go:111.39,112.22 1 25
github.com/sausheong/hand/internal/agentio/approval.go:112.22,113.12 1 0
github.com/sausheong/hand/internal/agentio/approval.go:115.3,115.99 1 25
github.com/sausheong/hand/internal/agentio/approval.go:115.99,117.4 1 16
github.com/sausheong/hand/internal/agentio/approval.go:119.2,119.25 1 18
github.com/sausheong/hand/internal/agentio/approval.go:129.85,130.22 1 49
github.com/sausheong/hand/internal/agentio/approval.go:130.22,132.3 1 31
github.com/sausheong/hand/internal/agentio/approval.go:133.2,133.45 1 18
github.com/sausheong/hand/internal/agentio/approval.go:133.45,135.3 1 7
github.com/sausheong/hand/internal/agentio/approval.go:136.2,137.9 2 11
github.com/sausheong/hand/internal/agentio/approval.go:137.9,139.3 1 2
github.com/sausheong/hand/internal/agentio/approval.go:140.2,140.32 1 9
github.com/sausheong/hand/internal/agentio/approval.go:155.226,156.101 1 26
github.com/sausheong/hand/internal/agentio/approval.go:156.101,157.65 1 27
github.com/sausheong/hand/internal/agentio/approval.go:157.65,159.4 1 7
github.com/sausheong/hand/internal/agentio/approval.go:160.3,160.50 1 20
github.com/sausheong/hand/internal/agentio/approval.go:160.50,162.4 1 1
github.com/sausheong/hand/internal/agentio/approval.go:164.3,167.10 3 19
github.com/sausheong/hand/internal/agentio/approval.go:168.34,169.24 1 18
github.com/sausheong/hand/internal/agentio/approval.go:169.24,171.5 1 1
github.com/sausheong/hand/internal/agentio/approval.go:172.4,172.20 1 17
github.com/sausheong/hand/internal/agentio/approval.go:173.24,174.21 1 2
github.com/sausheong/hand/internal/agentio/approval.go:174.21,175.55 1 2
github.com/sausheong/hand/internal/agentio/approval.go:175.55,181.7 2 1
github.com/sausheong/hand/internal/agentio/approval.go:183.5,183.50 1 1
github.com/sausheong/hand/internal/agentio/approval.go:184.22,185.50 1 6
github.com/sausheong/hand/internal/agentio/approval.go:186.12,187.96 1 9
github.com/sausheong/hand/internal/agentio/approval.go:189.21,190.102 1 1
github.com/sausheong/hand/internal/agentio/approval.go:205.218,206.99 1 17
github.com/sausheong/hand/internal/agentio/approval.go:206.99,207.65 1 17
github.com/sausheong/hand/internal/agentio/approval.go:207.65,209.4 1 4
github.com/sausheong/hand/internal/agentio/approval.go:210.3,210.18 1 13
github.com/sausheong/hand/internal/agentio/approval.go:210.18,212.4 1 1
github.com/sausheong/hand/internal/agentio/approval.go:213.3,213.50 1 12
github.com/sausheong/hand/internal/agentio/approval.go:213.50,215.4 1 1
github.com/sausheong/hand/internal/agentio/approval.go:216.3,222.9 1 11
github.com/sausheong/hand/internal/agentio/compaction.go:40.108,46.2 1 2
github.com/sausheong/hand/internal/agentio/diff.go:26.36,27.13 1 16
github.com/sausheong/hand/internal/agentio/diff.go:27.13,29.3 1 2
github.com/sausheong/hand/internal/agentio/diff.go:30.2,30.31 1 14
github.com/sausheong/hand/internal/agentio/diff.go:41.47,42.24 1 12
github.com/sausheong/hand/internal/agentio/diff.go:42.24,44.3 1 4
github.com/sausheong/hand/internal/agentio/diff.go:46.2,49.48 3 8
github.com/sausheong/hand/internal/agentio/diff.go:49.48,51.3 1 1
github.com/sausheong/hand/internal/agentio/diff.go:53.2,54.95 2 7
github.com/sausheong/hand/internal/agentio/diff.go:54.95,56.3 1 5
github.com/sausheong/hand/internal/agentio/diff.go:58.2,59.85 2 7
github.com/sausheong/hand/internal/agentio/diff.go:59.85,62.3 2 6
github.com/sausheong/hand/internal/agentio/diff.go:64.2,66.37 3 7
github.com/sausheong/hand/internal/agentio/diff.go:66.37,68.3 1 5
github.com/sausheong/hand/internal/agentio/diff.go:69.2,69.35 1 7
github.com/sausheong/hand/internal/agentio/diff.go:69.35,71.3 1 4
github.com/sausheong/hand/internal/agentio/diff.go:72.2,72.35 1 7
github.com/sausheong/hand/internal/agentio/diff.go:72.35,74.3 1 9
github.com/sausheong/hand/internal/agentio/diff.go:75.2,76.38 2 7
github.com/sausheong/hand/internal/agentio/diff.go:76.38,78.3 1 6
github.com/sausheong/hand/internal/agentio/diff.go:80.2,80.44 1 7
github.com/sausheong/hand/internal/agentio/diff.go:86.49,88.46 2 37
github.com/sausheong/hand/internal/agentio/diff.go:88.46,90.3 1 23
github.com/sausheong/hand/internal/agentio/diff.go:91.2,91.13 1 37
github.com/sausheong/hand/internal/agentio/diff.go:100.77,101.18 1 24
github.com/sausheong/hand/internal/agentio/diff.go:102.14,106.52 2 7
github.com/sausheong/hand/internal/agentio/diff.go:106.52,108.4 1 0
github.com/sausheong/hand/internal/agentio/diff.go:109.3,109.27 1 7
github.com/sausheong/hand/internal/agentio/diff.go:111.20,116.52 2 5
github.com/sausheong/hand/internal/agentio/diff.go:116.52,118.4 1 0
github.com/sausheong/hand/internal/agentio/diff.go:119.3,121.49 3 5
github.com/sausheong/hand/internal/agentio/diff.go:121.49,123.4 1 1
github.com/sausheong/hand/internal/agentio/diff.go:124.3,124.42 1 5
github.com/sausheong/hand/internal/agentio/diff.go:126.19,132.52 2 3
github.com/sausheong/hand/internal/agentio/diff.go:132.52,134.4 1 0
github.com/sausheong/hand/internal/agentio/diff.go:135.3,137.17 3 3
github.com/sausheong/hand/internal/agentio/diff.go:137.17,139.4 1 2
github.com/sausheong/hand/internal/agentio/diff.go:140.3,142.42 3 1
github.com/sausheong/hand/internal/agentio/diff.go:144.10,145.12 1 9
github.com/sausheong/hand/internal/agentio/hooks.go:35.49,37.2 1 16
github.com/sausheong/hand/internal/agentio/hooks.go:64.38,64.63 1 1011
github.com/sausheong/hand/internal/agentio/hooks.go:65.38,65.66 1 58
github.com/sausheong/hand/internal/agentio/hooks.go:67.51,70.24 3 1010
github.com/sausheong/hand/internal/agentio/hooks.go:70.24,73.3 2 986
github.com/sausheong/hand/internal/agentio/hooks.go:74.2,75.15 2 1010
github.com/sausheong/hand/internal/agentio/hooks.go:94.100,95.71 1 30
github.com/sausheong/hand/internal/agentio/hooks.go:95.71,97.3 1 0
github.com/sausheong/hand/internal/agentio/hooks.go:98.2,101.16 4 30
github.com/sausheong/hand/internal/agentio/hooks.go:101.16,103.3 1 0
github.com/sausheong/hand/internal/agentio/hooks.go:104.2,105.18 2 30
github.com/sausheong/hand/internal/agentio/hooks.go:105.18,107.3 1 27
github.com/sausheong/hand/internal/agentio/hooks.go:108.2,112.37 4 30
github.com/sausheong/hand/internal/agentio/hooks.go:112.37,113.41 1 2313
github.com/sausheong/hand/internal/agentio/hooks.go:113.41,115.4 1 2310
github.com/sausheong/hand/internal/agentio/hooks.go:117.2,117.24 1 30
github.com/sausheong/hand/internal/agentio/hooks.go:117.24,119.29 2 113
github.com/sausheong/hand/internal/agentio/hooks.go:119.29,120.12 1 12
github.com/sausheong/hand/internal/agentio/hooks.go:122.3,122.38 1 101
github.com/sausheong/hand/internal/agentio/hooks.go:122.38,124.4 1 1
github.com/sausheong/hand/internal/agentio/hooks.go:125.3,125.37 1 100
github.com/sausheong/hand/internal/agentio/hooks.go:127.2,136.22 8 29
github.com/sausheong/hand/internal/agentio/hooks.go:136.22,140.3 3 4
github.com/sausheong/hand/internal/agentio/hooks.go:141.2,141.16 1 25
github.com/sausheong/hand/internal/agentio/hooks.go:141.16,143.3 1 11
github.com/sausheong/hand/internal/agentio/hooks.go:144.2,145.30 2 14
github.com/sausheong/hand/internal/agentio/hooks.go:145.30,147.3 1 13
github.com/sausheong/hand/internal/agentio/hooks.go:147.8,149.3 1 1
github.com/sausheong/hand/internal/agentio/hooks.go:150.2,150.10 1 14
github.com/sausheong/hand/internal/agentio/hooks.go:153.36,155.2 1 32
github.com/sausheong/hand/internal/agentio/hooks.go:156.42,158.2 1 28
github.com/sausheong/hand/internal/agentio/hooks.go:159.45,160.9 1 11
github.com/sausheong/hand/internal/agentio/hooks.go:161.19,162.26 1 0
github.com/sausheong/hand/internal/agentio/hooks.go:163.18,164.26 1 3
github.com/sausheong/hand/internal/agentio/hooks.go:165.19,166.50 1 1
github.com/sausheong/hand/internal/agentio/hooks.go:167.25,168.56 1 2
github.com/sausheong/hand/internal/agentio/hooks.go:169.10,170.84 1 5
github.com/sausheong/hand/internal/agentio/hooks.go:173.46,175.2 1 23
github.com/sausheong/hand/internal/agentio/hooks.go:180.60,181.16 1 15
github.com/sausheong/hand/internal/agentio/hooks.go:181.16,183.3 1 5
github.com/sausheong/hand/internal/agentio/hooks.go:188.150,189.26 1 16
github.com/sausheong/hand/internal/agentio/hooks.go:189.26,190.60 1 15
github.com/sausheong/hand/internal/agentio/hooks.go:190.60,191.12 1 1
github.com/sausheong/hand/internal/agentio/hooks.go:193.3,194.23 2 14
github.com/sausheong/hand/internal/agentio/hooks.go:194.23,196.4 1 3
github.com/sausheong/hand/internal/agentio/hooks.go:197.3,197.54 1 11
github.com/sausheong/hand/internal/agentio/hooks.go:197.54,200.4 2 2
github.com/sausheong/hand/internal/agentio/hooks.go:201.3,201.39 1 9
github.com/sausheong/hand/internal/agentio/hooks.go:203.2,203.29 1 11
github.com/sausheong/hand/internal/agentio/hooks.go:224.147,226.127 1 19
github.com/sausheong/hand/internal/agentio/hooks.go:226.127,232.86 2 6
github.com/sausheong/hand/internal/agentio/hooks.go:232.86,234.5 1 2
github.com/sausheong/hand/internal/agentio/hooks.go:235.4,235.30 1 4
github.com/sausheong/hand/internal/agentio/hooks.go:238.65,243.28 2 1
github.com/sausheong/hand/internal/agentio/hooks.go:243.28,244.34 1 1
github.com/sausheong/hand/internal/agentio/hooks.go:244.34,245.14 1 0
github.com/sausheong/hand/internal/agentio/hooks.go:247.5,247.76 1 1
github.com/sausheong/hand/internal/agentio/hooks.go:251.110,258.82 2 10
github.com/sausheong/hand/internal/agentio/hooks.go:258.82,260.5 1 3
github.com/sausheong/hand/internal/agentio/hooks.go:261.4,261.28 1 7
github.com/sausheong/hand/internal/agentio/hooks.go:261.28,263.5 1 6
github.com/sausheong/hand/internal/agentio/hooks.go:264.4,264.49 1 1
github.com/sausheong/hand/internal/agentio/hooks.go:267.103,275.26 2 1
github.com/sausheong/hand/internal/agentio/hooks.go:275.26,277.5 1 0
github.com/sausheong/hand/internal/agentio/hooks.go:278.4,278.28 1 1
github.com/sausheong/hand/internal/agentio/hooks.go:278.28,279.66 1 1
github.com/sausheong/hand/internal/agentio/hooks.go:279.66,280.14 1 0
github.com/sausheong/hand/internal/agentio/hooks.go:282.5,282.75 1 1
github.com/sausheong/hand/internal/agentio/hooks.go:286.50,287.25 1 2
github.com/sausheong/hand/internal/agentio/hooks.go:287.25,289.5 1 1
github.com/sausheong/hand/internal/agentio/hooks.go:321.129,329.26 3 14
github.com/sausheong/hand/internal/agentio/hooks.go:329.26,330.24 1 14
github.com/sausheong/hand/internal/agentio/hooks.go:330.24,331.12 1 0
github.com/sausheong/hand/internal/agentio/hooks.go:333.3,334.23 2 14
github.com/sausheong/hand/internal/agentio/hooks.go:334.23,336.18 2 5
github.com/sausheong/hand/internal/agentio/hooks.go:336.18,338.5 1 2
github.com/sausheong/hand/internal/agentio/hooks.go:339.4,339.18 1 5
github.com/sausheong/hand/internal/agentio/hooks.go:339.18,341.5 1 1
github.com/sausheong/hand/internal/agentio/hooks.go:342.4,342.60 1 5
github.com/sausheong/hand/internal/agentio/hooks.go:344.3,344.18 1 9
github.com/sausheong/hand/internal/agentio/hooks.go:344.18,346.4 1 1
github.com/sausheong/hand/internal/agentio/hooks.go:347.3,347.37 1 8
github.com/sausheong/hand/internal/agentio/hooks.go:347.37,349.4 1 4
github.com/sausheong/hand/internal/agentio/hooks.go:350.3,350.38 1 4
github.com/sausheong/hand/internal/agentio/hooks.go:350.38,352.4 1 2
github.com/sausheong/hand/internal/agentio/hooks.go:353.3,353.40 1 4
github.com/sausheong/hand/internal/agentio/hooks.go:355.2,355.44 1 4
github.com/sausheong/hand/internal/agentio/identity.go:14.75,16.2 1 1
github.com/sausheong/hand/internal/agentio/identity.go:17.59,20.2 2 50
github.com/sausheong/hand/internal/agentio/images.go:56.77,60.80 3 9
github.com/sausheong/hand/internal/agentio/images.go:60.80,63.10 3 23
github.com/sausheong/hand/internal/agentio/images.go:63.10,65.4 1 13
github.com/sausheong/hand/internal/agentio/images.go:67.3,68.73 2 10
github.com/sausheong/hand/internal/agentio/images.go:68.73,70.4 1 1
github.com/sausheong/hand/internal/agentio/images.go:72.3,72.56 1 9
github.com/sausheong/hand/internal/agentio/images.go:72.56,74.4 1 1
github.com/sausheong/hand/internal/agentio/images.go:76.3,77.79 2 8
github.com/sausheong/hand/internal/agentio/images.go:77.79,79.4 1 3
github.com/sausheong/hand/internal/agentio/images.go:80.3,81.17 2 5
github.com/sausheong/hand/internal/agentio/images.go:81.17,83.4 1 0
github.com/sausheong/hand/internal/agentio/images.go:85.3,88.21 4 5
github.com/sausheong/hand/internal/agentio/images.go:91.2,91.25 1 9
github.com/sausheong/hand/internal/agentio/mcp.go:43.159,44.31 1 4
github.com/sausheong/hand/internal/agentio/mcp.go:44.31,46.3 1 1
github.com/sausheong/hand/internal/agentio/mcp.go:48.2,53.12 3 3
github.com/sausheong/hand/internal/agentio/mcp.go:53.12,56.3 2 3
github.com/sausheong/hand/internal/agentio/mcp.go:58.2,58.9 1 3
github.com/sausheong/hand/internal/agentio/mcp.go:59.19,60.21 1 1
github.com/sausheong/hand/internal/agentio/mcp.go:61.29,62.13 1 2
github.com/sausheong/hand/internal/agentio/mcp.go:62.13,63.32 1 2
github.com/sausheong/hand/internal/agentio/mcp.go:63.32,65.5 1 1
github.com/sausheong/hand/internal/agentio/mcp.go:67.3,67.133 1 2
github.com/sausheong/hand/internal/agentio/outcome.go:30.36,31.18 1 0
github.com/sausheong/hand/internal/agentio/outcome.go:32.17,33.11 1 0
github.com/sausheong/hand/internal/agentio/outcome.go:34.26,35.11 1 0
github.com/sausheong/hand/internal/agentio/outcome.go:36.23,37.11 1 0
github.com/sausheong/hand/internal/agentio/outcome.go:38.17,39.13 1 0
github.com/sausheong/hand/internal/agentio/outcome.go:40.10,41.11 1 0
github.com/sausheong/hand/internal/agentio/outcome.go:44.33,45.27 1 0
github.com/sausheong/hand/internal/agentio/outcome.go:45.27,47.3 1 0
github.com/sausheong/hand/internal/agentio/outcome.go:48.2,48.32 1 0
github.com/sausheong/hand/internal/agentio/outcome.go:53.37,54.28 1 0
github.com/sausheong/hand/internal/agentio/outcome.go:54.28,56.3 1 0
github.com/sausheong/hand/internal/agentio/outcome.go:57.2,57.67 1 0
github.com/sausheong/hand/internal/agentio/outcome.go:59.37,59.63 1 0
github.com/sausheong/hand/internal/agentio/outcome.go:65.44,65.70 1 1
github.com/sausheong/hand/internal/agentio/outcome.go:66.44,66.62 1 0
github.com/sausheong/hand/internal/agentio/outcome.go:67.42,70.2 2 0
github.com/sausheong/hand/internal/agentio/outcome.go:74.105,76.9 2 0
github.com/sausheong/hand/internal/agentio/outcome.go:77.17,78.54 1 0
github.com/sausheong/hand/internal/agentio/outcome.go:79.29,80.52 1 0
github.com/sausheong/hand/internal/agentio/outcome.go:81.35,82.69 1 0
github.com/sausheong/hand/internal/agentio/outcome.go:83.21,84.60 1 0
github.com/sausheong/hand/internal/agentio/outcome.go:85.27,86.52 1 0
github.com/sausheong/hand/internal/agentio/outcome.go:87.56,88.65 1 0
github.com/sausheong/hand/internal/agentio/outcome.go:89.10,90.13 1 0
github.com/sausheong/hand/internal/agentio/outcome.go:92.2,92.11 1 0
github.com/sausheong/hand/internal/agentio/registry.go:21.81,33.2 11 2
github.com/sausheong/hand/internal/agentio/search.go:48.36,48.55 1 4
github.com/sausheong/hand/internal/agentio/search.go:49.43,51.2 1 2
github.com/sausheong/hand/internal/agentio/search.go:52.51,63.2 1 2
github.com/sausheong/hand/internal/agentio/search.go:64.64,64.79 1 0
github.com/sausheong/hand/internal/agentio/search.go:66.99,68.51 2 21
github.com/sausheong/hand/internal/agentio/search.go:68.51,68.102 1 5
github.com/sausheong/hand/internal/agentio/search.go:69.2,69.51 1 21
github.com/sausheong/hand/internal/agentio/search.go:69.51,71.3 1 0
github.com/sausheong/hand/internal/agentio/search.go:72.2,72.43 1 21
github.com/sausheong/hand/internal/agentio/search.go:72.43,74.3 1 1
github.com/sausheong/hand/internal/agentio/search.go:75.2,75.59 1 20
github.com/sausheong/hand/internal/agentio/search.go:75.59,77.3 1 1
github.com/sausheong/hand/internal/agentio/search.go:78.2,78.44 1 19
github.com/sausheong/hand/internal/agentio/search.go:78.44,80.3 1 0
github.com/sausheong/hand/internal/agentio/search.go:81.2,81.24 1 19
github.com/sausheong/hand/internal/agentio/search.go:81.24,83.3 1 18
github.com/sausheong/hand/internal/agentio/search.go:84.2,84.48 1 19
github.com/sausheong/hand/internal/agentio/search.go:84.48,86.3 1 0
github.com/sausheong/hand/internal/agentio/search.go:87.2,87.22 1 19
github.com/sausheong/hand/internal/agentio/search.go:87.22,89.3 1 17
github.com/sausheong/hand/internal/agentio/search.go:90.2,90.62 1 19
github.com/sausheong/hand/internal/agentio/search.go:90.62,92.3 1 0
github.com/sausheong/hand/internal/agentio/search.go:93.2,94.22 2 19
github.com/sausheong/hand/internal/agentio/search.go:94.22,97.17 3 13
github.com/sausheong/hand/internal/agentio/search.go:97.17,99.4 1 0
github.com/sausheong/hand/internal/agentio/search.go:101.2,102.16 2 19
github.com/sausheong/hand/internal/agentio/search.go:102.16,104.3 1 0
github.com/sausheong/hand/internal/agentio/search.go:105.2,106.16 2 19
github.com/sausheong/hand/internal/agentio/search.go:106.16,108.3 1 0
github.com/sausheong/hand/internal/agentio/search.go:109.2,110.21 2 19
github.com/sausheong/hand/internal/agentio/search.go:110.21,112.3 1 15
github.com/sausheong/hand/internal/agentio/search.go:113.2,114.73 2 19
github.com/sausheong/hand/internal/agentio/search.go:114.73,116.3 1 1
github.com/sausheong/hand/internal/agentio/search.go:117.2,118.16 2 18
github.com/sausheong/hand/internal/agentio/search.go:118.16,120.3 1 1
github.com/sausheong/hand/internal/agentio/search.go:121.2,122.16 2 17
github.com/sausheong/hand/internal/agentio/search.go:122.16,124.3 1 0
github.com/sausheong/hand/internal/agentio/search.go:125.2,127.16 3 17
github.com/sausheong/hand/internal/agentio/search.go:127.16,129.3 1 0
github.com/sausheong/hand/internal/agentio/search.go:130.2,132.16 3 17
github.com/sausheong/hand/internal/agentio/search.go:132.16,134.3 1 0
github.com/sausheong/hand/internal/agentio/search.go:135.2,135.19 1 17
github.com/sausheong/hand/internal/agentio/search.go:135.19,137.3 1 1
github.com/sausheong/hand/internal/agentio/search.go:138.2,144.37 7 16
github.com/sausheong/hand/internal/agentio/search.go:144.37,146.23 2 2
github.com/sausheong/hand/internal/agentio/search.go:146.23,148.4 1 2
github.com/sausheong/hand/internal/agentio/search.go:150.2,153.33 4 16
github.com/sausheong/hand/internal/agentio/search.go:153.33,154.39 1 36
github.com/sausheong/hand/internal/agentio/search.go:154.39,156.4 1 19
github.com/sausheong/hand/internal/agentio/search.go:157.3,160.23 4 17
github.com/sausheong/hand/internal/agentio/search.go:160.23,162.4 1 13
github.com/sausheong/hand/internal/agentio/search.go:163.3,163.15 1 4
github.com/sausheong/hand/internal/agentio/search.go:163.15,166.4 2 0
github.com/sausheong/hand/internal/agentio/search.go:167.3,167.31 1 4
github.com/sausheong/hand/internal/agentio/search.go:167.31,170.4 2 0
github.com/sausheong/hand/internal/agentio/search.go:171.3,171.54 1 4
github.com/sausheong/hand/internal/agentio/search.go:171.54,174.4 2 0
github.com/sausheong/hand/internal/agentio/search.go:175.3,176.15 2 4
github.com/sausheong/hand/internal/agentio/search.go:176.15,179.4 2 0
github.com/sausheong/hand/internal/agentio/search.go:180.3,184.17 5 4
github.com/sausheong/hand/internal/agentio/search.go:184.17,186.4 1 2
github.com/sausheong/hand/internal/agentio/search.go:187.3,187.22 1 4
github.com/sausheong/hand/internal/agentio/search.go:187.22,188.24 1 8
github.com/sausheong/hand/internal/agentio/search.go:188.24,190.5 1 0
github.com/sausheong/hand/internal/agentio/search.go:191.4,193.74 3 8
github.com/sausheong/hand/internal/agentio/search.go:193.74,196.5 2 0
github.com/sausheong/hand/internal/agentio/search.go:197.4,197.50 1 8
github.com/sausheong/hand/internal/agentio/search.go:197.50,198.13 1 0
github.com/sausheong/hand/internal/agentio/search.go:200.4,200.69 1 8
github.com/sausheong/hand/internal/agentio/search.go:202.3,202.35 1 4
github.com/sausheong/hand/internal/agentio/search.go:202.35,204.4 1 0
github.com/sausheong/hand/internal/agentio/search.go:207.2,209.21 3 16
github.com/sausheong/hand/internal/agentio/search.go:209.21,210.53 1 1
github.com/sausheong/hand/internal/agentio/search.go:210.53,213.4 2 1
github.com/sausheong/hand/internal/agentio/search.go:215.2,215.55 1 16
github.com/sausheong/hand/internal/agentio/search.go:215.55,218.15 3 119
github.com/sausheong/hand/internal/agentio/search.go:218.15,220.4 1 113
github.com/sausheong/hand/internal/agentio/search.go:222.3,222.78 1 119
github.com/sausheong/hand/internal/agentio/search.go:222.78,225.4 2 3
github.com/sausheong/hand/internal/agentio/search.go:226.3,229.14 4 116
github.com/sausheong/hand/internal/agentio/search.go:231.2,231.93 1 16
github.com/sausheong/hand/internal/agentio/search.go:231.93,232.23 1 54
github.com/sausheong/hand/internal/agentio/search.go:232.23,235.4 2 1
github.com/sausheong/hand/internal/agentio/search.go:236.3,236.15 1 53
github.com/sausheong/hand/internal/agentio/search.go:236.15,239.4 2 0
github.com/sausheong/hand/internal/agentio/search.go:240.3,240.37 1 53
github.com/sausheong/hand/internal/agentio/search.go:240.37,242.17 2 10
github.com/sausheong/hand/internal/agentio/search.go:242.17,244.5 1 2
github.com/sausheong/hand/internal/agentio/search.go:245.4,245.14 1 8
github.com/sausheong/hand/internal/agentio/search.go:247.3,249.30 2 53
github.com/sausheong/hand/internal/agentio/search.go:249.30,250.22 1 64
github.com/sausheong/hand/internal/agentio/search.go:250.22,252.5 1 0
github.com/sausheong/hand/internal/agentio/search.go:254.3,254.23 1 53
github.com/sausheong/hand/internal/agentio/search.go:254.23,255.61 1 38
github.com/sausheong/hand/internal/agentio/search.go:255.61,257.5 1 4
github.com/sausheong/hand/internal/agentio/search.go:258.4,258.81 1 34
github.com/sausheong/hand/internal/agentio/search.go:258.81,260.5 1 1
github.com/sausheong/hand/internal/agentio/search.go:262.3,262.83 1 48
github.com/sausheong/hand/internal/agentio/search.go:262.83,264.4 1 3
github.com/sausheong/hand/internal/agentio/search.go:265.3,265.16 1 45
github.com/sausheong/hand/internal/agentio/search.go:265.16,268.4 2 19
github.com/sausheong/hand/internal/agentio/search.go:269.3,269.28 1 26
github.com/sausheong/hand/internal/agentio/search.go:269.28,271.4 1 1
github.com/sausheong/hand/internal/agentio/search.go:272.3,272.24 1 25
github.com/sausheong/hand/internal/agentio/search.go:272.24,274.11 2 9
github.com/sausheong/hand/internal/agentio/search.go:274.11,276.5 1 2
github.com/sausheong/hand/internal/agentio/search.go:278.3,278.16 1 23
github.com/sausheong/hand/internal/agentio/search.go:278.16,279.25 1 6
github.com/sausheong/hand/internal/agentio/search.go:279.25,281.5 1 1
github.com/sausheong/hand/internal/agentio/search.go:282.4,282.14 1 5
github.com/sausheong/hand/internal/agentio/search.go:284.3,285.15 2 17
github.com/sausheong/hand/internal/agentio/search.go:285.15,288.4 2 1
github.com/sausheong/hand/internal/agentio/search.go:289.3,291.15 3 16
github.com/sausheong/hand/internal/agentio/search.go:291.15,294.4 2 0
github.com/sausheong/hand/internal/agentio/search.go:295.3,295.31 1 16
github.com/sausheong/hand/internal/agentio/search.go:295.31,297.4 1 0
github.com/sausheong/hand/internal/agentio/search.go:298.3,300.37 3 16
github.com/sausheong/hand/internal/agentio/search.go:300.37,302.4 1 1
github.com/sausheong/hand/internal/agentio/search.go:303.3,306.22 4 15
github.com/sausheong/hand/internal/agentio/search.go:306.22,307.24 1 20119
github.com/sausheong/hand/internal/agentio/search.go:307.24,310.5 2 0
github.com/sausheong/hand/internal/agentio/search.go:311.4,312.71 2 20119
github.com/sausheong/hand/internal/agentio/search.go:312.71,314.5 1 2
github.com/sausheong/hand/internal/agentio/search.go:316.3,316.35 1 13
github.com/sausheong/hand/internal/agentio/search.go:316.35,318.4 1 1
github.com/sausheong/hand/internal/agentio/search.go:319.3,319.13 1 13
github.com/sausheong/hand/internal/agentio/search.go:321.2,321.20 1 16
github.com/sausheong/hand/internal/agentio/search.go:321.20,323.3 1 0
github.com/sausheong/hand/internal/agentio/search.go:324.2,324.22 1 16
github.com/sausheong/hand/internal/agentio/search.go:324.22,326.3 1 1
github.com/sausheong/hand/internal/agentio/search.go:327.2,329.21 3 16
github.com/sausheong/hand/internal/agentio/search.go:329.21,330.15 1 5
github.com/sausheong/hand/internal/agentio/search.go:330.15,332.4 1 2
github.com/sausheong/hand/internal/agentio/search.go:332.9,334.4 1 3
github.com/sausheong/hand/internal/agentio/search.go:336.2,336.44 1 16
github.com/sausheong/hand/internal/agentio/search.go:336.44,338.24 2 2
github.com/sausheong/hand/internal/agentio/search.go:338.24,340.4 1 0
github.com/sausheong/hand/internal/agentio/search.go:341.3,341.27 1 2
github.com/sausheong/hand/internal/agentio/search.go:343.2,348.9 2 16
github.com/sausheong/hand/internal/agentio/skills.go:18.40,20.16 2 5
github.com/sausheong/hand/internal/agentio/skills.go:20.16,22.3 1 0
github.com/sausheong/hand/internal/agentio/skills.go:23.2,23.52 1 5
github.com/sausheong/hand/internal/agentio/skills.go:30.48,32.2 1 4
github.com/sausheong/hand/internal/agentio/skills.go:48.52,51.74 2 2
github.com/sausheong/hand/internal/agentio/skills.go:51.74,52.35 1 2
github.com/sausheong/hand/internal/agentio/skills.go:52.35,54.4 1 1
github.com/sausheong/hand/internal/agentio/skills.go:56.2,56.76 1 2
github.com/sausheong/hand/internal/agentio/skills.go:56.76,57.36 1 2
github.com/sausheong/hand/internal/agentio/skills.go:57.36,59.4 1 1
github.com/sausheong/hand/internal/agentio/skills.go:61.2,61.22 1 2
github.com/sausheong/hand/internal/agentio/skills.go:61.22,63.3 1 1
github.com/sausheong/hand/internal/agentio/skills.go:65.2,66.27 2 1
github.com/sausheong/hand/internal/agentio/skills.go:66.27,68.3 1 1
github.com/sausheong/hand/internal/agentio/skills.go:69.2,73.29 4 1
github.com/sausheong/hand/internal/agentio/skills.go:73.29,77.27 4 1
github.com/sausheong/hand/internal/agentio/skills.go:77.27,80.4 2 1
github.com/sausheong/hand/internal/agentio/skills.go:81.3,81.22 1 1
github.com/sausheong/hand/internal/agentio/skills.go:83.2,83.19 1 1
github.com/sausheong/hand/internal/agentio/skills.go:89.63,90.80 1 3
github.com/sausheong/hand/internal/agentio/skills.go:90.80,92.3 1 1
github.com/sausheong/hand/internal/agentio/skills.go:93.2,93.79 1 2
github.com/sausheong/hand/internal/agentio/skills.go:93.79,95.3 1 1
github.com/sausheong/hand/internal/agentio/skills.go:96.2,96.18 1 1
github.com/sausheong/hand/internal/agentio/skills.go:106.87,108.16 2 3
github.com/sausheong/hand/internal/agentio/skills.go:108.16,110.3 1 0
github.com/sausheong/hand/internal/agentio/skills.go:111.2,113.77 3 3
github.com/sausheong/hand/internal/agentio/spec.go:33.49,35.47 2 8
github.com/sausheong/hand/internal/agentio/spec.go:35.47,37.17 2 14
github.com/sausheong/hand/internal/agentio/spec.go:37.17,38.12 1 11
github.com/sausheong/hand/internal/agentio/spec.go:40.3,40.87 1 3
github.com/sausheong/hand/internal/agentio/spec.go:42.2,42.15 1 5
github.com/sausheong/hand/internal/agentio/spec.go:61.45,62.17 1 2
github.com/sausheong/hand/internal/agentio/spec.go:62.17,64.3 1 1
github.com/sausheong/hand/internal/agentio/spec.go:65.2,65.214 1 1
github.com/sausheong/hand/internal/agentio/spec.go:80.161,94.2 1 4
github.com/sausheong/hand/cmd/hand/main.go:37.197,39.2 1 9
github.com/sausheong/hand/cmd/hand/main.go:41.217,43.23 2 18
github.com/sausheong/hand/cmd/hand/main.go:43.23,44.73 1 5
github.com/sausheong/hand/cmd/hand/main.go:44.73,46.4 1 0
github.com/sausheong/hand/cmd/hand/main.go:48.2,49.16 2 18
github.com/sausheong/hand/cmd/hand/main.go:49.16,51.3 1 0
github.com/sausheong/hand/cmd/hand/main.go:52.2,52.35 1 18
github.com/sausheong/hand/cmd/hand/main.go:52.35,53.21 1 84
github.com/sausheong/hand/cmd/hand/main.go:54.15,55.25 1 12
github.com/sausheong/hand/cmd/hand/main.go:56.19,57.17 1 15
github.com/sausheong/hand/cmd/hand/main.go:58.23,59.105 1 0
github.com/sausheong/hand/cmd/hand/main.go:62.2,63.16 2 18
github.com/sausheong/hand/cmd/hand/main.go:63.16,65.3 1 0
github.com/sausheong/hand/cmd/hand/main.go:66.2,66.15 1 18
github.com/sausheong/hand/cmd/hand/main.go:69.75,71.2 1 0
github.com/sausheong/hand/cmd/hand/main.go:73.81,76.33 3 6
github.com/sausheong/hand/cmd/hand/main.go:76.33,78.3 1 2
github.com/sausheong/hand/cmd/hand/main.go:79.2,79.71 1 6
github.com/sausheong/hand/cmd/hand/main.go:79.71,81.3 1 1
github.com/sausheong/hand/cmd/hand/main.go:82.2,82.22 1 5
github.com/sausheong/hand/cmd/hand/main.go:83.19,84.16 1 0
github.com/sausheong/hand/cmd/hand/main.go:84.16,86.4 1 0
github.com/sausheong/hand/cmd/hand/main.go:87.3,87.59 1 0
github.com/sausheong/hand/cmd/hand/main.go:89.16,90.16 1 0
github.com/sausheong/hand/cmd/hand/main.go:90.16,92.4 1 0
github.com/sausheong/hand/cmd/hand/main.go:93.3,93.53 1 0
github.com/sausheong/hand/cmd/hand/main.go:95.16,96.20 1 0
github.com/sausheong/hand/cmd/hand/main.go:96.20,98.4 1 0
github.com/sausheong/hand/cmd/hand/main.go:99.3,99.16 1 0
github.com/sausheong/hand/cmd/hand/main.go:99.16,101.4 1 0
github.com/sausheong/hand/cmd/hand/main.go:102.3,103.17 2 0
github.com/sausheong/hand/cmd/hand/main.go:103.17,105.4 1 0
github.com/sausheong/hand/cmd/hand/main.go:106.3,106.16 1 0
github.com/sausheong/hand/cmd/hand/main.go:108.17,109.20 1 1
github.com/sausheong/hand/cmd/hand/main.go:109.20,111.4 1 0
github.com/sausheong/hand/cmd/hand/main.go:116.3,116.55 1 1
github.com/sausheong/hand/cmd/hand/main.go:118.20,119.16 1 0
github.com/sausheong/hand/cmd/hand/main.go:119.16,121.4 1 0
github.com/sausheong/hand/cmd/hand/main.go:122.3,122.61 1 0
github.com/sausheong/hand/cmd/hand/main.go:124.15,127.46 1 4
github.com/sausheong/hand/cmd/hand/main.go:129.10,130.126 1 0
github.com/sausheong/hand/cmd/hand/main.go:149.92,152.16 3 10
github.com/sausheong/hand/cmd/hand/main.go:152.16,154.3 1 0
github.com/sausheong/hand/cmd/hand/main.go:155.2,155.36 1 10
github.com/sausheong/hand/cmd/hand/main.go:155.36,157.3 1 6
github.com/sausheong/hand/cmd/hand/main.go:159.2,160.16 2 4
github.com/sausheong/hand/cmd/hand/main.go:160.16,162.3 1 0
github.com/sausheong/hand/cmd/hand/main.go:163.2,164.16 2 4
github.com/sausheong/hand/cmd/hand/main.go:164.16,166.3 1 0
github.com/sausheong/hand/cmd/hand/main.go:167.2,167.32 1 4
github.com/sausheong/hand/cmd/hand/main.go:167.32,169.3 1 1
github.com/sausheong/hand/cmd/hand/main.go:171.2,172.16 2 3
github.com/sausheong/hand/cmd/hand/main.go:172.16,174.3 1 0
github.com/sausheong/hand/cmd/hand/main.go:175.2,175.14 1 3
github.com/sausheong/hand/cmd/hand/main.go:175.14,178.3 2 2
github.com/sausheong/hand/cmd/hand/main.go:179.2,179.70 1 1
github.com/sausheong/hand/cmd/hand/main.go:179.70,181.3 1 0
github.com/sausheong/hand/cmd/hand/main.go:182.2,182.70 1 1
github.com/sausheong/hand/cmd/hand/main.go:193.95,198.30 4 12
github.com/sausheong/hand/cmd/hand/main.go:198.30,200.3 1 2
github.com/sausheong/hand/cmd/hand/main.go:201.2,202.46 2 10
github.com/sausheong/hand/cmd/hand/main.go:205.27,207.15 2 18
github.com/sausheong/hand/cmd/hand/main.go:207.15,208.43 1 18
github.com/sausheong/hand/cmd/hand/main.go:208.43,210.4 1 13
github.com/sausheong/hand/cmd/hand/main.go:213.2,230.43 18 18
github.com/sausheong/hand/cmd/hand/main.go:230.43,232.3 1 0
github.com/sausheong/hand/cmd/hand/main.go:233.2,233.18 1 18
github.com/sausheong/hand/cmd/hand/main.go:233.18,236.3 2 0
github.com/sausheong/hand/cmd/hand/main.go:238.2,238.22 1 18
github.com/sausheong/hand/cmd/hand/main.go:238.22,240.3 1 1
github.com/sausheong/hand/cmd/hand/main.go:241.2,241.27 1 17
github.com/sausheong/hand/cmd/hand/main.go:241.27,243.3 1 1
github.com/sausheong/hand/cmd/hand/main.go:244.2,244.49 1 16
github.com/sausheong/hand/cmd/hand/main.go:244.49,246.3 1 2
github.com/sausheong/hand/cmd/hand/main.go:247.2,248.26 2 14
github.com/sausheong/hand/cmd/hand/main.go:248.26,250.3 1 1
github.com/sausheong/hand/cmd/hand/main.go:252.2,252.23 1 13
github.com/sausheong/hand/cmd/hand/main.go:252.23,253.25 1 2
github.com/sausheong/hand/cmd/hand/main.go:253.25,255.4 1 1
github.com/sausheong/hand/cmd/hand/main.go:256.3,257.33 2 1
github.com/sausheong/hand/cmd/hand/main.go:257.33,258.57 1 3
github.com/sausheong/hand/cmd/hand/main.go:258.57,260.5 1 1
github.com/sausheong/hand/cmd/hand/main.go:262.3,262.25 1 1
github.com/sausheong/hand/cmd/hand/main.go:262.25,264.4 1 1
github.com/sausheong/hand/cmd/hand/main.go:265.3,269.17 5 0
github.com/sausheong/hand/cmd/hand/main.go:269.17,271.4 1 0
github.com/sausheong/hand/cmd/hand/main.go:272.3,273.17 2 0
github.com/sausheong/hand/cmd/hand/main.go:273.17,275.4 1 0
github.com/sausheong/hand/cmd/hand/main.go:276.3,277.17 2 0
github.com/sausheong/hand/cmd/hand/main.go:277.17,279.4 1 0
github.com/sausheong/hand/cmd/hand/main.go:280.3,280.58 1 0
github.com/sausheong/hand/cmd/hand/main.go:283.2,286.16 3 11
github.com/sausheong/hand/cmd/hand/main.go:286.16,288.3 1 0
github.com/sausheong/hand/cmd/hand/main.go:289.2,290.16 2 11
github.com/sausheong/hand/cmd/hand/main.go:290.16,292.3 1 0
github.com/sausheong/hand/cmd/hand/main.go:293.2,293.44 1 11
github.com/sausheong/hand/cmd/hand/main.go:293.44,295.3 1 0
github.com/sausheong/hand/cmd/hand/main.go:296.2,297.22 2 11
github.com/sausheong/hand/cmd/hand/main.go:297.22,302.33 5 10
github.com/sausheong/hand/cmd/hand/main.go:302.33,304.4 1 10
github.com/sausheong/hand/cmd/hand/main.go:306.2,306.24 1 11
github.com/sausheong/hand/cmd/hand/main.go:306.24,308.3 1 5
github.com/sausheong/hand/cmd/hand/main.go:309.2,310.16 2 11
github.com/sausheong/hand/cmd/hand/main.go:310.16,312.3 1 3
github.com/sausheong/hand/cmd/hand/main.go:313.2,313.24 1 8
github.com/sausheong/hand/cmd/hand/main.go:313.24,315.3 1 4
github.com/sausheong/hand/cmd/hand/main.go:316.2,316.27 1 8
github.com/sausheong/hand/cmd/hand/main.go:316.27,318.3 1 0
github.com/sausheong/hand/cmd/hand/main.go:319.2,319.26 1 8
github.com/sausheong/hand/cmd/hand/main.go:319.26,321.3 1 2
github.com/sausheong/hand/cmd/hand/main.go:322.2,322.43 1 8
github.com/sausheong/hand/cmd/hand/main.go:322.43,324.3 1 1
github.com/sausheong/hand/cmd/hand/main.go:325.2,325.57 1 7
github.com/sausheong/hand/cmd/hand/main.go:325.57,327.3 1 0
github.com/sausheong/hand/cmd/hand/main.go:328.2,328.59 1 7
github.com/sausheong/hand/cmd/hand/main.go:328.59,329.111 1 1
github.com/sausheong/hand/cmd/hand/main.go:329.111,331.4 1 1
github.com/sausheong/hand/cmd/hand/main.go:333.2,342.24 9 6
github.com/sausheong/hand/cmd/hand/main.go:342.24,344.3 1 0
github.com/sausheong/hand/cmd/hand/main.go:345.2,346.16 2 6
github.com/sausheong/hand/cmd/hand/main.go:346.16,348.3 1 0
github.com/sausheong/hand/cmd/hand/main.go:349.2,350.16 2 6
github.com/sausheong/hand/cmd/hand/main.go:350.16,352.3 1 1
github.com/sausheong/hand/cmd/hand/main.go:354.2,356.16 3 5
github.com/sausheong/hand/cmd/hand/main.go:356.16,358.3 1 0
github.com/sausheong/hand/cmd/hand/main.go:360.2,361.16 2 5
github.com/sausheong/hand/cmd/hand/main.go:361.16,363.3 1 0
github.com/sausheong/hand/cmd/hand/main.go:365.2,370.13 5 5
github.com/sausheong/hand/cmd/hand/main.go:370.13,372.3 1 5
github.com/sausheong/hand/cmd/hand/main.go:372.8,374.3 1 0
github.com/sausheong/hand/cmd/hand/main.go:375.2,380.16 5 5
github.com/sausheong/hand/cmd/hand/main.go:380.16,382.3 1 0
github.com/sausheong/hand/cmd/hand/main.go:387.2,391.16 4 5
github.com/sausheong/hand/cmd/hand/main.go:391.16,393.3 1 0
github.com/sausheong/hand/cmd/hand/main.go:394.2,395.16 2 5
github.com/sausheong/hand/cmd/hand/main.go:395.16,397.3 1 0
github.com/sausheong/hand/cmd/hand/main.go:398.2,399.16 2 5
github.com/sausheong/hand/cmd/hand/main.go:399.16,401.3 1 0
github.com/sausheong/hand/cmd/hand/main.go:402.2,403.15 2 5
github.com/sausheong/hand/cmd/hand/main.go:403.15,404.18 1 5
github.com/sausheong/hand/cmd/hand/main.go:404.18,406.4 1 5
github.com/sausheong/hand/cmd/hand/main.go:408.2,408.42 1 5
github.com/sausheong/hand/cmd/hand/main.go:408.42,410.3 1 0
github.com/sausheong/hand/cmd/hand/main.go:419.2,419.25 1 5
github.com/sausheong/hand/cmd/hand/main.go:419.25,421.3 1 0
github.com/sausheong/hand/cmd/hand/main.go:422.2,433.16 2 5
github.com/sausheong/hand/cmd/hand/main.go:433.16,435.3 1 0
github.com/sausheong/hand/cmd/hand/main.go:436.2,437.15 2 5
github.com/sausheong/hand/cmd/hand/main.go:437.15,437.67 1 5
github.com/sausheong/hand/cmd/hand/main.go:438.2,442.13 4 5
github.com/sausheong/hand/cmd/hand/main.go:442.13,446.3 3 5
github.com/sausheong/hand/cmd/hand/main.go:448.2,459.43 3 0
github.com/sausheong/hand/cmd/hand/main.go:459.43,461.3 1 0
github.com/sausheong/hand/cmd/hand/main.go:462.2,462.80 1 0
github.com/sausheong/hand/cmd/hand/main.go:462.80,464.3 1 0
github.com/sausheong/hand/cmd/hand/main.go:465.2,475.49 10 0
github.com/sausheong/hand/cmd/hand/main.go:475.49,477.3 1 0
github.com/sausheong/hand/cmd/hand/main.go:483.2,486.41 3 0
github.com/sausheong/hand/cmd/hand/main.go:486.41,488.3 1 0
github.com/sausheong/hand/cmd/hand/main.go:489.2,489.12 1 0
github.com/sausheong/hand/cmd/hand/main.go:492.13,493.30 1 0
github.com/sausheong/hand/cmd/hand/main.go:493.30,496.3 2 0
github.com/sausheong/hand/cmd/hand/main.go:501.42,501.60 1 0
github.com/sausheong/hand/cmd/hand/main.go:502.30,503.16 1 25
github.com/sausheong/hand/cmd/hand/main.go:503.16,505.3 1 3
github.com/sausheong/hand/cmd/hand/main.go:506.2,507.30 2 22
github.com/sausheong/hand/cmd/hand/main.go:507.30,509.3 1 14
github.com/sausheong/hand/cmd/hand/main.go:510.2,511.30 2 8
github.com/sausheong/hand/cmd/hand/main.go:511.30,513.3 1 8
github.com/sausheong/hand/cmd/hand/main.go:514.2,514.38 1 0
github.com/sausheong/hand/cmd/hand/main.go:514.38,516.3 1 0
github.com/sausheong/hand/cmd/hand/main.go:517.2,517.10 1 0
github.com/sausheong/hand/cmd/hand/main.go:519.67,521.2 1 7
github.com/sausheong/hand/cmd/hand/version.go:13.29,15.43 2 0
github.com/sausheong/hand/cmd/hand/version.go:15.43,16.78 1 0
github.com/sausheong/hand/cmd/hand/version.go:16.78,18.4 1 0
github.com/sausheong/hand/cmd/hand/version.go:19.3,19.19 1 0
github.com/sausheong/hand/cmd/hand/version.go:19.19,21.42 2 0
github.com/sausheong/hand/cmd/hand/version.go:21.42,22.24 1 0
github.com/sausheong/hand/cmd/hand/version.go:23.25,24.28 1 0
github.com/sausheong/hand/cmd/hand/version.go:25.25,26.37 1 0
github.com/sausheong/hand/cmd/hand/version.go:29.4,29.29 1 0
github.com/sausheong/hand/cmd/hand/version.go:29.29,31.5 1 0
github.com/sausheong/hand/cmd/hand/version.go:34.2,34.18 1 0
github.com/sausheong/hand/cmd/hand/version.go:34.18,36.3 1 0
github.com/sausheong/hand/cmd/hand/version.go:37.2,37.49 1 0
github.com/sausheong/hand/internal/tui/application.go:17.50,17.73 1 7
github.com/sausheong/hand/internal/tui/application.go:27.55,28.24 1 37
github.com/sausheong/hand/internal/tui/application.go:28.24,29.39 1 36
github.com/sausheong/hand/internal/tui/application.go:29.39,31.4 1 30
github.com/sausheong/hand/internal/tui/application.go:32.3,33.17 2 6
github.com/sausheong/hand/internal/tui/application.go:33.17,35.4 1 0
github.com/sausheong/hand/internal/tui/application.go:36.3,36.87 1 6
github.com/sausheong/hand/internal/tui/application.go:40.88,42.16 2 7
github.com/sausheong/hand/internal/tui/application.go:42.16,46.3 3 0
github.com/sausheong/hand/internal/tui/application.go:47.2,49.20 3 7
github.com/sausheong/hand/internal/tui/application.go:49.20,49.39 1 3
github.com/sausheong/hand/internal/tui/application.go:50.2,51.37 2 7
github.com/sausheong/hand/internal/tui/application.go:54.70,55.48 1 37
github.com/sausheong/hand/internal/tui/application.go:55.48,57.3 1 1
github.com/sausheong/hand/internal/tui/application.go:58.2,58.24 1 36
github.com/sausheong/hand/internal/tui/application.go:58.24,59.35 1 6
github.com/sausheong/hand/internal/tui/application.go:59.35,61.4 1 1
github.com/sausheong/hand/internal/tui/application.go:62.3,71.21 10 6
github.com/sausheong/hand/internal/tui/application.go:71.21,73.4 1 0
github.com/sausheong/hand/internal/tui/application.go:74.3,74.13 1 6
github.com/sausheong/hand/internal/tui/application.go:76.2,76.22 1 30
github.com/sausheong/hand/internal/tui/application.go:76.22,78.3 1 29
github.com/sausheong/hand/internal/tui/application.go:79.2,80.41 2 30
github.com/sausheong/hand/internal/tui/application.go:83.53,86.16 3 31
github.com/sausheong/hand/internal/tui/application.go:87.27,91.18 4 2
github.com/sausheong/hand/internal/tui/application.go:91.18,93.4 1 0
github.com/sausheong/hand/internal/tui/application.go:94.3,94.134 1 2
github.com/sausheong/hand/internal/tui/application.go:95.27,96.42 1 1
github.com/sausheong/hand/internal/tui/application.go:96.42,99.4 2 0
github.com/sausheong/hand/internal/tui/application.go:100.17,101.90 1 0
github.com/sausheong/hand/internal/tui/application.go:102.15,104.29 2 13
github.com/sausheong/hand/internal/tui/application.go:104.29,106.4 1 7
github.com/sausheong/hand/internal/tui/application.go:107.14,108.55 1 2
github.com/sausheong/hand/internal/tui/application.go:109.19,113.21 4 2
github.com/sausheong/hand/internal/tui/application.go:113.21,115.4 1 0
github.com/sausheong/hand/internal/tui/application.go:116.3,117.19 2 2
github.com/sausheong/hand/internal/tui/application.go:117.19,118.85 1 2
github.com/sausheong/hand/internal/tui/application.go:118.85,120.5 1 2
github.com/sausheong/hand/internal/tui/application.go:122.3,122.18 1 2
github.com/sausheong/hand/internal/tui/application.go:122.18,124.4 1 0
github.com/sausheong/hand/internal/tui/application.go:125.3,125.66 1 2
github.com/sausheong/hand/internal/tui/application.go:126.21,128.24 2 2
github.com/sausheong/hand/internal/tui/application.go:128.24,130.4 1 0
github.com/sausheong/hand/internal/tui/application.go:130.9,130.69 1 2
github.com/sausheong/hand/internal/tui/application.go:130.69,132.4 1 2
github.com/sausheong/hand/internal/tui/application.go:133.3,133.18 1 2
github.com/sausheong/hand/internal/tui/application.go:133.18,135.4 1 0
github.com/sausheong/hand/internal/tui/application.go:136.3,136.44 1 2
github.com/sausheong/hand/internal/tui/application.go:137.23,140.44 3 1
github.com/sausheong/hand/internal/tui/application.go:141.15,143.19 2 2
github.com/sausheong/hand/internal/tui/application.go:143.19,146.4 2 2
github.com/sausheong/hand/internal/tui/application.go:147.18,149.47 2 5
github.com/sausheong/hand/internal/tui/application.go:150.22,155.18 5 1
github.com/sausheong/hand/internal/tui/application.go:155.18,157.4 1 0
github.com/sausheong/hand/internal/tui/application.go:158.3,158.66 1 1
github.com/sausheong/hand/internal/tui/application.go:159.26,160.85 1 0
github.com/sausheong/hand/internal/tui/application.go:161.47,163.22 2 0
github.com/sausheong/hand/internal/tui/application.go:163.22,165.4 1 0
github.com/sausheong/hand/internal/tui/application.go:166.3,166.66 1 0
github.com/sausheong/hand/internal/tui/application.go:172.36,173.26 1 7
github.com/sausheong/hand/internal/tui/application.go:173.26,176.3 2 2
github.com/sausheong/hand/internal/tui/application.go:177.2,177.26 1 7
github.com/sausheong/hand/internal/tui/application.go:177.26,180.3 2 1
github.com/sausheong/hand/internal/tui/application.go:181.2,181.26 1 7
github.com/sausheong/hand/internal/tui/application.go:181.26,184.3 2 1
github.com/sausheong/hand/internal/tui/application.go:185.2,185.27 1 7
github.com/sausheong/hand/internal/tui/application.go:185.27,188.3 2 1
github.com/sausheong/hand/internal/tui/application.go:192.44,193.15 1 3
github.com/sausheong/hand/internal/tui/application.go:193.15,195.3 1 3
github.com/sausheong/hand/internal/tui/commands.go:38.29,41.33 3 1
github.com/sausheong/hand/internal/tui/commands.go:41.33,43.29 2 14
github.com/sausheong/hand/internal/tui/commands.go:43.29,45.4 1 13
github.com/sausheong/hand/internal/tui/commands.go:47.2,47.19 1 1
github.com/sausheong/hand/internal/tui/commands.go:54.34,56.2 1 14
github.com/sausheong/hand/internal/tui/commands.go:63.51,64.75 1 994
github.com/sausheong/hand/internal/tui/commands.go:64.75,66.3 1 986
github.com/sausheong/hand/internal/tui/commands.go:67.2,68.33 2 8
github.com/sausheong/hand/internal/tui/commands.go:68.33,69.41 1 112
github.com/sausheong/hand/internal/tui/commands.go:69.41,71.4 1 47
github.com/sausheong/hand/internal/tui/commands.go:73.2,73.12 1 8
github.com/sausheong/hand/internal/tui/commands.go:80.51,81.35 1 1127
github.com/sausheong/hand/internal/tui/commands.go:81.35,83.3 1 137
github.com/sausheong/hand/internal/tui/commands.go:84.2,84.45 1 990
github.com/sausheong/hand/internal/tui/commands.go:90.68,91.62 1 0
github.com/sausheong/hand/internal/tui/commands.go:91.62,93.3 1 0
github.com/sausheong/hand/internal/tui/commands.go:94.2,95.33 2 0
github.com/sausheong/hand/internal/tui/commands.go:95.33,97.26 2 0
github.com/sausheong/hand/internal/tui/commands.go:97.26,99.4 1 0
github.com/sausheong/hand/internal/tui/commands.go:99.9,101.4 1 0
github.com/sausheong/hand/internal/tui/commands.go:103.2,103.34 1 0
github.com/sausheong/hand/internal/tui/commands.go:108.62,109.62 1 2
github.com/sausheong/hand/internal/tui/commands.go:109.62,111.3 1 0
github.com/sausheong/hand/internal/tui/commands.go:112.2,114.20 3 2
github.com/sausheong/hand/internal/tui/commands.go:119.52,122.23 3 42
github.com/sausheong/hand/internal/tui/commands.go:122.23,123.41 1 0
github.com/sausheong/hand/internal/tui/commands.go:123.41,126.4 2 0
github.com/sausheong/hand/internal/tui/commands.go:127.3,127.13 1 0
github.com/sausheong/hand/internal/tui/commands.go:129.2,129.23 1 42
github.com/sausheong/hand/internal/tui/commands.go:129.23,130.41 1 0
github.com/sausheong/hand/internal/tui/commands.go:130.41,133.4 2 0
github.com/sausheong/hand/internal/tui/commands.go:134.3,134.13 1 0
github.com/sausheong/hand/internal/tui/commands.go:137.2,137.236 1 42
github.com/sausheong/hand/internal/tui/commands.go:137.236,138.41 1 6
github.com/sausheong/hand/internal/tui/commands.go:138.41,142.23 4 1
github.com/sausheong/hand/internal/tui/commands.go:142.23,144.5 1 1
github.com/sausheong/hand/internal/tui/commands.go:145.9,148.4 2 5
github.com/sausheong/hand/internal/tui/commands.go:149.3,149.13 1 6
github.com/sausheong/hand/internal/tui/commands.go:151.2,151.18 1 36
github.com/sausheong/hand/internal/tui/commands.go:151.18,152.41 1 2
github.com/sausheong/hand/internal/tui/commands.go:152.41,156.4 3 1
github.com/sausheong/hand/internal/tui/commands.go:156.9,159.4 2 1
github.com/sausheong/hand/internal/tui/commands.go:160.3,160.13 1 2
github.com/sausheong/hand/internal/tui/commands.go:162.2,162.14 1 34
github.com/sausheong/hand/internal/tui/commands.go:163.17,164.65 1 1
github.com/sausheong/hand/internal/tui/commands.go:165.15,166.44 1 1
github.com/sausheong/hand/internal/tui/commands.go:166.44,170.4 3 0
github.com/sausheong/hand/internal/tui/commands.go:171.3,171.64 1 1
github.com/sausheong/hand/internal/tui/commands.go:172.15,173.32 1 3
github.com/sausheong/hand/internal/tui/commands.go:174.17,175.34 1 5
github.com/sausheong/hand/internal/tui/commands.go:176.15,177.63 1 2
github.com/sausheong/hand/internal/tui/commands.go:178.18,181.13 3 4
github.com/sausheong/hand/internal/tui/commands.go:182.24,184.18 2 1
github.com/sausheong/hand/internal/tui/commands.go:186.15,187.70 1 2
github.com/sausheong/hand/internal/tui/commands.go:189.16,191.22 2 1
github.com/sausheong/hand/internal/tui/commands.go:193.16,194.26 1 3
github.com/sausheong/hand/internal/tui/commands.go:196.14,197.27 1 2
github.com/sausheong/hand/internal/tui/commands.go:199.18,200.31 1 6
github.com/sausheong/hand/internal/tui/commands.go:202.16,203.22 1 2
github.com/sausheong/hand/internal/tui/commands.go:205.17,206.23 1 0
github.com/sausheong/hand/internal/tui/commands.go:208.10,209.102 1 1
github.com/sausheong/hand/internal/tui/commands.go:212.2,213.12 2 9
github.com/sausheong/hand/internal/tui/commands.go:216.48,217.25 1 3
github.com/sausheong/hand/internal/tui/commands.go:217.25,220.3 2 1
github.com/sausheong/hand/internal/tui/commands.go:221.2,221.20 1 2
github.com/sausheong/hand/internal/tui/commands.go:221.20,224.3 2 0
github.com/sausheong/hand/internal/tui/commands.go:225.2,228.57 4 2
github.com/sausheong/hand/internal/tui/commands.go:228.57,231.3 2 0
github.com/sausheong/hand/internal/tui/commands.go:232.2,237.32 6 2
github.com/sausheong/hand/internal/tui/commands.go:237.32,248.3 1 0
github.com/sausheong/hand/internal/tui/commands.go:249.2,249.64 1 2
github.com/sausheong/hand/internal/tui/commands.go:252.41,253.25 1 2
github.com/sausheong/hand/internal/tui/commands.go:253.25,257.3 3 1
github.com/sausheong/hand/internal/tui/commands.go:258.2,258.68 1 1
github.com/sausheong/hand/internal/tui/commands.go:261.45,262.25 1 10
github.com/sausheong/hand/internal/tui/commands.go:262.25,266.3 3 1
github.com/sausheong/hand/internal/tui/commands.go:267.2,267.31 1 9
github.com/sausheong/hand/internal/tui/commands.go:267.31,269.3 1 0
github.com/sausheong/hand/internal/tui/commands.go:270.2,289.12 16 9
github.com/sausheong/hand/internal/tui/commands.go:289.12,292.10 3 9
github.com/sausheong/hand/internal/tui/commands.go:293.19,293.19 0 4
github.com/sausheong/hand/internal/tui/commands.go:294.21,294.21 0 5
github.com/sausheong/hand/internal/tui/commands.go:296.3,296.35 1 9
github.com/sausheong/hand/internal/tui/commands.go:296.35,299.4 2 5
github.com/sausheong/hand/internal/tui/commands.go:300.3,302.163 3 4
github.com/sausheong/hand/internal/tui/commands.go:304.2,305.24 2 9
github.com/sausheong/hand/internal/tui/commands.go:305.24,305.42 1 7
github.com/sausheong/hand/internal/tui/commands.go:305.42,305.61 1 7
github.com/sausheong/hand/internal/tui/commands.go:305.64,305.80 1 7
github.com/sausheong/hand/internal/tui/commands.go:309.72,310.16 1 1
github.com/sausheong/hand/internal/tui/commands.go:310.16,313.3 2 0
github.com/sausheong/hand/internal/tui/commands.go:314.2,314.23 1 1
github.com/sausheong/hand/internal/tui/commands.go:314.23,316.19 2 0
github.com/sausheong/hand/internal/tui/commands.go:316.19,318.4 1 0
github.com/sausheong/hand/internal/tui/commands.go:319.3,320.9 2 0
github.com/sausheong/hand/internal/tui/commands.go:322.2,322.117 1 1
github.com/sausheong/hand/internal/tui/commands.go:325.35,326.25 1 5
github.com/sausheong/hand/internal/tui/commands.go:326.25,328.3 1 2
github.com/sausheong/hand/internal/tui/commands.go:329.2,329.25 1 5
github.com/sausheong/hand/internal/tui/commands.go:329.25,331.3 1 1
github.com/sausheong/hand/internal/tui/commands.go:332.2,332.56 1 5
github.com/sausheong/hand/internal/tui/commands.go:332.56,334.29 2 1
github.com/sausheong/hand/internal/tui/commands.go:334.29,336.4 1 0
github.com/sausheong/hand/internal/tui/commands.go:337.3,338.21 2 1
github.com/sausheong/hand/internal/tui/commands.go:338.21,340.4 1 0
github.com/sausheong/hand/internal/tui/commands.go:341.3,341.87 1 1
github.com/sausheong/hand/internal/tui/commands.go:343.2,343.24 1 5
github.com/sausheong/hand/internal/tui/commands.go:343.24,346.3 2 4
github.com/sausheong/hand/internal/tui/commands.go:347.2,355.86 3 1
github.com/sausheong/hand/internal/tui/commands.go:358.36,359.25 1 0
github.com/sausheong/hand/internal/tui/commands.go:359.25,362.3 2 0
github.com/sausheong/hand/internal/tui/commands.go:363.2,363.99 1 0
github.com/sausheong/hand/internal/tui/commands.go:372.58,373.25 1 4
github.com/sausheong/hand/internal/tui/commands.go:373.25,376.3 2 0
github.com/sausheong/hand/internal/tui/commands.go:377.2,377.20 1 4
github.com/sausheong/hand/internal/tui/commands.go:377.20,380.3 2 1
github.com/sausheong/hand/internal/tui/commands.go:381.2,381.20 1 3
github.com/sausheong/hand/internal/tui/commands.go:381.20,384.3 2 0
github.com/sausheong/hand/internal/tui/commands.go:386.2,398.12 12 3
github.com/sausheong/hand/internal/tui/commands.go:398.12,402.3 3 3
github.com/sausheong/hand/internal/tui/commands.go:403.2,403.24 1 3
github.com/sausheong/hand/internal/tui/commands.go:403.24,403.43 1 3
github.com/sausheong/hand/internal/tui/events.go:47.100,48.25 1 19
github.com/sausheong/hand/internal/tui/events.go:48.25,50.3 1 22
github.com/sausheong/hand/internal/tui/events.go:51.2,51.41 1 12
github.com/sausheong/hand/internal/tui/markdown.go:26.45,27.56 1 26
github.com/sausheong/hand/internal/tui/markdown.go:27.56,29.3 1 23
github.com/sausheong/hand/internal/tui/markdown.go:30.2,30.36 1 3
github.com/sausheong/hand/internal/tui/markdown.go:63.66,64.35 1 29
github.com/sausheong/hand/internal/tui/markdown.go:64.35,66.3 1 3
github.com/sausheong/hand/internal/tui/markdown.go:67.2,67.30 1 26
github.com/sausheong/hand/internal/tui/markdown.go:67.30,69.3 1 4
github.com/sausheong/hand/internal/tui/markdown.go:71.2,72.16 2 26
github.com/sausheong/hand/internal/tui/markdown.go:72.16,74.3 1 0
github.com/sausheong/hand/internal/tui/markdown.go:75.2,76.16 2 26
github.com/sausheong/hand/internal/tui/markdown.go:76.16,78.3 1 0
github.com/sausheong/hand/internal/tui/markdown.go:79.2,79.37 1 26
github.com/sausheong/hand/internal/tui/model.go:186.51,208.2 9 120
github.com/sausheong/hand/internal/tui/model.go:217.48,219.2 1 1
github.com/sausheong/hand/internal/tui/model.go:223.46,225.2 1 0
github.com/sausheong/hand/internal/tui/model.go:233.95,237.2 3 16
github.com/sausheong/hand/internal/tui/model.go:241.45,243.2 1 10
github.com/sausheong/hand/internal/tui/model.go:248.61,258.2 4 0
github.com/sausheong/hand/internal/tui/model.go:264.40,267.2 2 10
github.com/sausheong/hand/internal/tui/model.go:272.46,274.37 2 21
github.com/sausheong/hand/internal/tui/model.go:274.37,276.49 2 18
github.com/sausheong/hand/internal/tui/model.go:276.49,279.4 2 18
github.com/sausheong/hand/internal/tui/model.go:279.9,281.4 1 0
github.com/sausheong/hand/internal/tui/model.go:285.32,287.2 1 10
github.com/sausheong/hand/internal/tui/model.go:289.58,290.27 1 447
github.com/sausheong/hand/internal/tui/model.go:291.25,293.16 2 11
github.com/sausheong/hand/internal/tui/model.go:295.23,298.16 3 14
github.com/sausheong/hand/internal/tui/model.go:300.25,301.39 1 17
github.com/sausheong/hand/internal/tui/model.go:302.25,303.66 1 4
github.com/sausheong/hand/internal/tui/model.go:303.66,305.4 1 1
github.com/sausheong/hand/internal/tui/model.go:306.3,309.21 4 3
github.com/sausheong/hand/internal/tui/model.go:309.21,311.4 1 2
github.com/sausheong/hand/internal/tui/model.go:311.9,316.4 4 1
github.com/sausheong/hand/internal/tui/model.go:317.3,318.25 2 3
github.com/sausheong/hand/internal/tui/model.go:318.25,320.4 1 0
github.com/sausheong/hand/internal/tui/model.go:321.3,321.16 1 3
github.com/sausheong/hand/internal/tui/model.go:322.22,323.44 1 37
github.com/sausheong/hand/internal/tui/model.go:325.19,326.66 1 33
github.com/sausheong/hand/internal/tui/model.go:326.66,328.4 1 5
github.com/sausheong/hand/internal/tui/model.go:329.3,331.16 3 28
github.com/sausheong/hand/internal/tui/model.go:333.19,334.47 1 34
github.com/sausheong/hand/internal/tui/model.go:334.47,336.4 1 12
github.com/sausheong/hand/internal/tui/model.go:337.3,338.22 2 22
github.com/sausheong/hand/internal/tui/model.go:338.22,341.4 2 13
github.com/sausheong/hand/internal/tui/model.go:342.3,346.21 5 22
github.com/sausheong/hand/internal/tui/model.go:346.21,348.4 1 1
github.com/sausheong/hand/internal/tui/model.go:349.3,349.16 1 21
github.com/sausheong/hand/internal/tui/model.go:351.24,352.91 1 7
github.com/sausheong/hand/internal/tui/model.go:352.91,354.4 1 1
github.com/sausheong/hand/internal/tui/model.go:355.3,355.27 1 6
github.com/sausheong/hand/internal/tui/model.go:355.27,358.4 2 6
github.com/sausheong/hand/internal/tui/model.go:359.3,361.21 3 6
github.com/sausheong/hand/internal/tui/model.go:361.21,364.4 2 3
github.com/sausheong/hand/internal/tui/model.go:365.3,365.26 1 6
github.com/sausheong/hand/internal/tui/model.go:365.26,367.4 1 0
github.com/sausheong/hand/internal/tui/model.go:368.3,368.25 1 6
github.com/sausheong/hand/internal/tui/model.go:368.25,370.4 1 5
github.com/sausheong/hand/internal/tui/model.go:370.9,372.4 1 1
github.com/sausheong/hand/internal/tui/model.go:373.3,374.25 2 6
github.com/sausheong/hand/internal/tui/model.go:374.25,376.4 1 1
github.com/sausheong/hand/internal/tui/model.go:377.3,377.16 1 5
github.com/sausheong/hand/internal/tui/model.go:379.25,380.90 1 20
github.com/sausheong/hand/internal/tui/model.go:380.90,382.4 1 11
github.com/sausheong/hand/internal/tui/model.go:383.3,384.29 2 9
github.com/sausheong/hand/internal/tui/model.go:384.29,387.4 2 1
github.com/sausheong/hand/internal/tui/model.go:388.3,388.28 1 8
github.com/sausheong/hand/internal/tui/model.go:388.28,391.4 2 3
github.com/sausheong/hand/internal/tui/model.go:392.3,392.72 1 5
github.com/sausheong/hand/internal/tui/model.go:392.72,395.4 2 2
github.com/sausheong/hand/internal/tui/model.go:396.3,396.56 1 3
github.com/sausheong/hand/internal/tui/model.go:398.31,399.52 1 0
github.com/sausheong/hand/internal/tui/model.go:399.52,401.4 1 0
github.com/sausheong/hand/internal/tui/model.go:402.3,404.16 3 0
github.com/sausheong/hand/internal/tui/model.go:406.31,407.66 1 9
github.com/sausheong/hand/internal/tui/model.go:407.66,408.11 1 3
github.com/sausheong/hand/internal/tui/model.go:409.45,409.45 0 3
github.com/sausheong/hand/internal/tui/model.go:410.12,410.12 0 0
github.com/sausheong/hand/internal/tui/model.go:412.4,412.17 1 3
github.com/sausheong/hand/internal/tui/model.go:414.3,418.16 5 6
github.com/sausheong/hand/internal/tui/model.go:420.18,421.26 1 146
github.com/sausheong/hand/internal/tui/model.go:424.2,424.15 1 115
github.com/sausheong/hand/internal/tui/model.go:427.64,428.51 1 166
github.com/sausheong/hand/internal/tui/model.go:428.51,431.3 2 1
github.com/sausheong/hand/internal/tui/model.go:432.2,432.50 1 165
github.com/sausheong/hand/internal/tui/model.go:432.50,434.3 1 1
github.com/sausheong/hand/internal/tui/model.go:435.2,435.51 1 164
github.com/sausheong/hand/internal/tui/model.go:435.51,438.3 2 0
github.com/sausheong/hand/internal/tui/model.go:439.2,439.50 1 164
github.com/sausheong/hand/internal/tui/model.go:439.50,441.3 1 0
github.com/sausheong/hand/internal/tui/model.go:442.2,442.43 1 164
github.com/sausheong/hand/internal/tui/model.go:442.43,445.22 3 3
github.com/sausheong/hand/internal/tui/model.go:445.22,447.4 1 3
github.com/sausheong/hand/internal/tui/model.go:448.3,448.16 1 3
github.com/sausheong/hand/internal/tui/model.go:451.2,451.46 1 161
github.com/sausheong/hand/internal/tui/model.go:451.46,455.3 3 3
github.com/sausheong/hand/internal/tui/model.go:456.2,456.45 1 158
github.com/sausheong/hand/internal/tui/model.go:456.45,458.3 1 1
github.com/sausheong/hand/internal/tui/model.go:460.2,460.22 1 157
github.com/sausheong/hand/internal/tui/model.go:460.22,464.23 1 10
github.com/sausheong/hand/internal/tui/model.go:465.25,467.17 2 2
github.com/sausheong/hand/internal/tui/model.go:468.27,470.17 2 2
github.com/sausheong/hand/internal/tui/model.go:472.3,472.23 1 6
github.com/sausheong/hand/internal/tui/model.go:473.17,474.54 1 3
github.com/sausheong/hand/internal/tui/model.go:474.54,476.5 1 3
github.com/sausheong/hand/internal/tui/model.go:477.4,478.23 2 3
github.com/sausheong/hand/internal/tui/model.go:479.17,480.56 1 1
github.com/sausheong/hand/internal/tui/model.go:480.56,482.5 1 1
github.com/sausheong/hand/internal/tui/model.go:483.4,484.23 2 1
github.com/sausheong/hand/internal/tui/model.go:485.11,486.54 1 2
github.com/sausheong/hand/internal/tui/model.go:486.54,488.5 1 2
github.com/sausheong/hand/internal/tui/model.go:489.4,490.23 2 2
github.com/sausheong/hand/internal/tui/model.go:492.3,492.16 1 6
github.com/sausheong/hand/internal/tui/model.go:499.2,499.65 1 147
github.com/sausheong/hand/internal/tui/model.go:499.65,500.23 1 5
github.com/sausheong/hand/internal/tui/model.go:501.23,503.26 2 0
github.com/sausheong/hand/internal/tui/model.go:503.26,505.5 1 0
github.com/sausheong/hand/internal/tui/model.go:506.4,506.17 1 0
github.com/sausheong/hand/internal/tui/model.go:507.25,509.17 2 1
github.com/sausheong/hand/internal/tui/model.go:510.14,512.17 2 2
github.com/sausheong/hand/internal/tui/model.go:513.16,514.64 1 1
github.com/sausheong/hand/internal/tui/model.go:514.64,516.5 1 0
github.com/sausheong/hand/internal/tui/model.go:517.4,520.35 4 1
github.com/sausheong/hand/internal/tui/model.go:521.14,524.17 3 1
github.com/sausheong/hand/internal/tui/model.go:528.2,528.22 1 142
github.com/sausheong/hand/internal/tui/model.go:529.16,530.21 1 13
github.com/sausheong/hand/internal/tui/model.go:530.21,534.4 3 3
github.com/sausheong/hand/internal/tui/model.go:535.3,535.35 1 10
github.com/sausheong/hand/internal/tui/model.go:535.35,539.4 3 0
github.com/sausheong/hand/internal/tui/model.go:540.3,540.21 1 10
github.com/sausheong/hand/internal/tui/model.go:550.14,552.16 2 1
github.com/sausheong/hand/internal/tui/model.go:553.16,555.16 2 1
github.com/sausheong/hand/internal/tui/model.go:556.16,558.16 2 1
github.com/sausheong/hand/internal/tui/model.go:559.16,561.16 2 1
github.com/sausheong/hand/internal/tui/model.go:563.15,564.16 1 10
github.com/sausheong/hand/internal/tui/model.go:564.16,566.4 1 0
github.com/sausheong/hand/internal/tui/model.go:567.3,568.17 2 10
github.com/sausheong/hand/internal/tui/model.go:568.17,570.4 1 0
github.com/sausheong/hand/internal/tui/model.go:571.3,571.22 1 10
github.com/sausheong/hand/internal/tui/model.go:571.22,574.4 2 0
github.com/sausheong/hand/internal/tui/model.go:575.3,575.29 1 10
github.com/sausheong/hand/internal/tui/model.go:578.2,581.15 4 115
github.com/sausheong/hand/internal/tui/model.go:587.47,588.73 1 21
github.com/sausheong/hand/internal/tui/model.go:588.73,590.3 1 1
github.com/sausheong/hand/internal/tui/model.go:591.2,598.70 5 20
github.com/sausheong/hand/internal/tui/model.go:608.58,612.2 3 4
github.com/sausheong/hand/internal/tui/model.go:620.88,621.31 1 24
github.com/sausheong/hand/internal/tui/model.go:621.31,623.3 1 0
github.com/sausheong/hand/internal/tui/model.go:624.2,638.22 14 24
github.com/sausheong/hand/internal/tui/model.go:638.22,640.3 1 6
github.com/sausheong/hand/internal/tui/model.go:641.2,641.29 1 18
github.com/sausheong/hand/internal/tui/model.go:641.29,643.3 1 0
github.com/sausheong/hand/internal/tui/model.go:645.2,649.16 4 18
github.com/sausheong/hand/internal/tui/model.go:649.16,655.3 5 0
github.com/sausheong/hand/internal/tui/model.go:657.2,659.12 3 18
github.com/sausheong/hand/internal/tui/model.go:671.49,672.63 1 27
github.com/sausheong/hand/internal/tui/model.go:672.63,674.3 1 13
github.com/sausheong/hand/internal/tui/model.go:676.2,686.29 11 14
github.com/sausheong/hand/internal/tui/model.go:686.29,688.3 1 6
github.com/sausheong/hand/internal/tui/model.go:689.2,689.24 1 14
github.com/sausheong/hand/internal/tui/model.go:689.24,692.3 2 11
github.com/sausheong/hand/internal/tui/model.go:697.35,699.30 2 78
github.com/sausheong/hand/internal/tui/model.go:699.30,702.3 2 12
github.com/sausheong/hand/internal/tui/model.go:703.2,703.24 1 78
github.com/sausheong/hand/internal/tui/model.go:706.57,707.17 1 40
github.com/sausheong/hand/internal/tui/model.go:708.30,709.56 1 9
github.com/sausheong/hand/internal/tui/model.go:711.34,716.25 5 5
github.com/sausheong/hand/internal/tui/model.go:716.25,724.4 2 5
github.com/sausheong/hand/internal/tui/model.go:725.3,726.61 2 5
github.com/sausheong/hand/internal/tui/model.go:726.61,728.4 1 1
github.com/sausheong/hand/internal/tui/model.go:729.3,729.66 1 5
github.com/sausheong/hand/internal/tui/model.go:731.31,732.10 1 3
github.com/sausheong/hand/internal/tui/model.go:733.50,738.107 1 1
github.com/sausheong/hand/internal/tui/model.go:739.25,741.71 2 2
github.com/sausheong/hand/internal/tui/model.go:741.71,743.5 1 2
github.com/sausheong/hand/internal/tui/model.go:744.4,744.45 1 2
github.com/sausheong/hand/internal/tui/model.go:745.11,746.68 1 0
github.com/sausheong/hand/internal/tui/model.go:749.26,750.25 1 2
github.com/sausheong/hand/internal/tui/model.go:750.25,752.26 2 2
github.com/sausheong/hand/internal/tui/model.go:752.26,754.5 1 0
github.com/sausheong/hand/internal/tui/model.go:756.3,759.22 4 2
github.com/sausheong/hand/internal/tui/model.go:759.22,761.4 1 2
github.com/sausheong/hand/internal/tui/model.go:762.3,762.80 1 2
github.com/sausheong/hand/internal/tui/model.go:764.25,768.54 4 21
github.com/sausheong/hand/internal/tui/model.go:778.31,779.28 1 44
github.com/sausheong/hand/internal/tui/model.go:779.28,781.3 1 35
github.com/sausheong/hand/internal/tui/model.go:782.2,783.21 2 9
github.com/sausheong/hand/internal/tui/model.go:786.35,795.27 3 656
github.com/sausheong/hand/internal/tui/model.go:795.27,813.3 1 413
github.com/sausheong/hand/internal/tui/model.go:814.2,824.24 4 656
github.com/sausheong/hand/internal/tui/model.go:824.24,826.3 1 0
github.com/sausheong/hand/internal/tui/model.go:827.2,829.19 3 656
github.com/sausheong/hand/internal/tui/model.go:829.19,831.3 1 655
github.com/sausheong/hand/internal/tui/model.go:839.46,840.15 1 1644
github.com/sausheong/hand/internal/tui/model.go:840.15,842.3 1 0
github.com/sausheong/hand/internal/tui/model.go:843.2,843.51 1 1644
github.com/sausheong/hand/internal/tui/model.go:846.43,851.2 4 17
github.com/sausheong/hand/internal/tui/model.go:855.36,856.22 1 656
github.com/sausheong/hand/internal/tui/model.go:856.22,857.30 1 8
github.com/sausheong/hand/internal/tui/model.go:857.30,859.4 1 4
github.com/sausheong/hand/internal/tui/model.go:860.3,861.70 2 4
github.com/sausheong/hand/internal/tui/model.go:863.2,863.65 1 648
github.com/sausheong/hand/internal/tui/model.go:863.65,865.3 1 0
github.com/sausheong/hand/internal/tui/model.go:866.2,866.74 1 648
github.com/sausheong/hand/internal/tui/model.go:880.37,882.18 2 988
github.com/sausheong/hand/internal/tui/model.go:882.18,884.25 2 12
github.com/sausheong/hand/internal/tui/model.go:884.25,886.4 1 0
github.com/sausheong/hand/internal/tui/model.go:887.3,887.58 1 12
github.com/sausheong/hand/internal/tui/model.go:889.2,889.20 1 988
github.com/sausheong/hand/internal/tui/model.go:889.20,891.3 1 8
github.com/sausheong/hand/internal/tui/model.go:892.2,892.15 1 988
github.com/sausheong/hand/internal/tui/model.go:892.15,894.30 2 144
github.com/sausheong/hand/internal/tui/model.go:894.30,901.32 2 25
github.com/sausheong/hand/internal/tui/model.go:901.32,903.5 1 1
github.com/sausheong/hand/internal/tui/model.go:905.3,905.135 1 144
github.com/sausheong/hand/internal/tui/model.go:907.2,907.37 1 988
github.com/sausheong/hand/internal/tui/model.go:926.36,928.9 2 991
github.com/sausheong/hand/internal/tui/model.go:929.17,933.79 1 145
github.com/sausheong/hand/internal/tui/model.go:934.26,935.84 1 9
github.com/sausheong/hand/internal/tui/model.go:936.10,937.25 1 837
github.com/sausheong/hand/internal/tui/model.go:940.2,947.28 3 991
github.com/sausheong/hand/internal/tui/model.go:947.28,949.3 1 103
github.com/sausheong/hand/internal/tui/model.go:950.2,950.33 1 991
github.com/sausheong/hand/internal/tui/model.go:964.41,966.26 2 994
github.com/sausheong/hand/internal/tui/model.go:966.26,968.3 1 980
github.com/sausheong/hand/internal/tui/model.go:969.2,971.35 3 14
github.com/sausheong/hand/internal/tui/model.go:971.35,973.3 1 1
github.com/sausheong/hand/internal/tui/model.go:974.2,974.37 1 13
github.com/sausheong/hand/internal/tui/model.go:979.40,981.29 2 4
github.com/sausheong/hand/internal/tui/model.go:981.29,983.3 1 3
github.com/sausheong/hand/internal/tui/model.go:984.2,984.85 1 1
github.com/sausheong/hand/internal/tui/model.go:991.43,993.29 2 5
github.com/sausheong/hand/internal/tui/model.go:993.29,994.10 1 5
github.com/sausheong/hand/internal/tui/model.go:995.38,996.39 1 0
github.com/sausheong/hand/internal/tui/model.go:997.38,998.40 1 0
github.com/sausheong/hand/internal/tui/model.go:999.38,1000.41 1 5
github.com/sausheong/hand/internal/tui/model.go:1001.11,1002.41 1 0
github.com/sausheong/hand/internal/tui/model.go:1005.2,1005.34 1 5
github.com/sausheong/hand/internal/tui/model.go:1008.31,1010.9 2 335
github.com/sausheong/hand/internal/tui/model.go:1011.24,1012.29 1 4
github.com/sausheong/hand/internal/tui/model.go:1013.10,1014.66 1 331
github.com/sausheong/hand/internal/tui/model.go:1014.66,1016.4 1 0
github.com/sausheong/hand/internal/tui/model.go:1018.2,1018.94 1 335
github.com/sausheong/hand/internal/tui/model.go:1023.72,1024.22 1 8
github.com/sausheong/hand/internal/tui/model.go:1024.22,1026.3 1 0
github.com/sausheong/hand/internal/tui/model.go:1027.2,1027.51 1 8
github.com/sausheong/hand/internal/tui/model.go:1027.51,1028.102 1 2
github.com/sausheong/hand/internal/tui/model.go:1028.102,1029.24 1 0
github.com/sausheong/hand/internal/tui/model.go:1029.24,1031.5 1 0
github.com/sausheong/hand/internal/tui/model.go:1032.4,1032.16 1 0
github.com/sausheong/hand/internal/tui/model.go:1034.8,1035.10 1 6
github.com/sausheong/hand/internal/tui/model.go:1036.38,1036.38 0 6
github.com/sausheong/hand/internal/tui/model.go:1037.11,1038.16 1 0
github.com/sausheong/hand/internal/tui/model.go:1041.2,1042.13 2 8
github.com/sausheong/hand/internal/tui/model.go:1045.35,1046.22 1 46
github.com/sausheong/hand/internal/tui/model.go:1046.22,1050.3 3 2
github.com/sausheong/hand/internal/tui/model.go:1053.40,1055.29 2 22
github.com/sausheong/hand/internal/tui/model.go:1055.29,1057.3 1 9
github.com/sausheong/hand/internal/tui/model.go:1058.2,1058.123 1 22
github.com/sausheong/hand/internal/tui/model.go:1058.123,1061.3 2 6
github.com/sausheong/hand/internal/tui/model.go:1062.2,1063.16 2 16
github.com/sausheong/hand/internal/tui/model.go:1063.16,1065.3 1 10
github.com/sausheong/hand/internal/tui/model.go:1066.2,1066.12 1 16
github.com/sausheong/hand/internal/tui/model.go:1071.56,1072.19 1 80
github.com/sausheong/hand/internal/tui/model.go:1072.19,1074.3 1 55
github.com/sausheong/hand/internal/tui/model.go:1075.2,1080.41 6 25
github.com/sausheong/hand/internal/tui/model.go:1080.41,1082.23 2 15
github.com/sausheong/hand/internal/tui/model.go:1082.23,1084.4 1 3
github.com/sausheong/hand/internal/tui/model.go:1086.2,1087.26 2 25
github.com/sausheong/hand/internal/tui/model.go:1087.26,1089.3 1 5
github.com/sausheong/hand/internal/tui/model.go:1090.2,1091.21 2 25
github.com/sausheong/hand/internal/tui/model.go:1094.44,1097.2 2 52
github.com/sausheong/hand/internal/tui/replay.go:18.86,20.32 2 26
github.com/sausheong/hand/internal/tui/replay.go:20.32,21.55 1 28
github.com/sausheong/hand/internal/tui/replay.go:21.55,23.4 1 28
github.com/sausheong/hand/internal/tui/replay.go:25.2,25.14 1 26
github.com/sausheong/hand/internal/tui/replay.go:28.86,29.20 1 33
github.com/sausheong/hand/internal/tui/replay.go:30.32,32.59 2 26
github.com/sausheong/hand/internal/tui/replay.go:32.59,34.4 1 0
github.com/sausheong/hand/internal/tui/replay.go:35.3,35.27 1 26
github.com/sausheong/hand/internal/tui/replay.go:35.27,37.4 1 24
github.com/sausheong/hand/internal/tui/replay.go:40.3,40.76 1 2
github.com/sausheong/hand/internal/tui/replay.go:42.33,44.59 2 2
github.com/sausheong/hand/internal/tui/replay.go:44.59,46.4 1 0
github.com/sausheong/hand/internal/tui/replay.go:50.3,50.95 1 2
github.com/sausheong/hand/internal/tui/replay.go:52.35,54.59 2 3
github.com/sausheong/hand/internal/tui/replay.go:54.59,56.4 1 0
github.com/sausheong/hand/internal/tui/replay.go:57.3,57.23 1 3
github.com/sausheong/hand/internal/tui/replay.go:57.23,61.4 1 2
github.com/sausheong/hand/internal/tui/replay.go:62.3,62.43 1 1
github.com/sausheong/hand/internal/tui/replay.go:64.35,66.59 2 1
github.com/sausheong/hand/internal/tui/replay.go:66.59,68.4 1 0
github.com/sausheong/hand/internal/tui/replay.go:69.3,69.94 1 1
github.com/sausheong/hand/internal/tui/replay.go:71.29,73.59 2 1
github.com/sausheong/hand/internal/tui/replay.go:73.59,75.4 1 0
github.com/sausheong/hand/internal/tui/replay.go:76.3,76.80 1 1
github.com/sausheong/hand/internal/tui/replay.go:78.10,79.19 1 0
github.com/sausheong/hand/internal/tui/replay.go:86.61,89.2 2 17
github.com/sausheong/hand/internal/tui/session_export.go:10.62,12.46 2 1
github.com/sausheong/hand/internal/tui/session_export.go:12.46,16.3 3 0
github.com/sausheong/hand/internal/tui/session_export.go:17.2,18.87 2 1
github.com/sausheong/hand/internal/tui/session_export.go:18.87,20.24 2 1
github.com/sausheong/hand/internal/tui/session_export.go:20.24,22.4 1 1
github.com/sausheong/hand/internal/tui/session_export.go:23.3,23.16 1 1
github.com/sausheong/hand/internal/tui/session_operation.go:19.93,23.83 4 11
github.com/sausheong/hand/internal/tui/session_operation.go:23.83,25.24 2 11
github.com/sausheong/hand/internal/tui/session_operation.go:25.24,30.23 5 6
github.com/sausheong/hand/internal/tui/session_operation.go:30.23,32.5 1 0
github.com/sausheong/hand/internal/tui/session_operation.go:35.4,35.54 1 6
github.com/sausheong/hand/internal/tui/session_operation.go:35.54,36.25 1 5
github.com/sausheong/hand/internal/tui/session_operation.go:36.25,38.11 2 0
github.com/sausheong/hand/internal/tui/session_operation.go:40.5,40.57 1 5
github.com/sausheong/hand/internal/tui/session_operation.go:40.57,42.6 1 5
github.com/sausheong/hand/internal/tui/session_operation.go:45.3,45.16 1 11
github.com/sausheong/hand/internal/tui/session_operation.go:51.111,61.12 10 17
github.com/sausheong/hand/internal/tui/session_operation.go:61.12,68.3 6 17
github.com/sausheong/hand/internal/tui/session_operation.go:69.2,71.24 3 17
github.com/sausheong/hand/internal/tui/session_operation.go:71.24,71.44 1 16
github.com/sausheong/hand/internal/tui/session_operation.go:74.71,75.68 1 17
github.com/sausheong/hand/internal/tui/session_operation.go:75.68,77.3 1 1
github.com/sausheong/hand/internal/tui/session_operation.go:79.2,83.23 5 16
github.com/sausheong/hand/internal/tui/session_operation.go:83.23,85.3 1 4
github.com/sausheong/hand/internal/tui/session_operation.go:85.8,85.32 1 12
github.com/sausheong/hand/internal/tui/session_operation.go:85.32,87.3 1 6
github.com/sausheong/hand/internal/tui/session_operation.go:87.8,96.28 9 6
github.com/sausheong/hand/internal/tui/session_operation.go:96.28,98.4 1 1
github.com/sausheong/hand/internal/tui/session_operation.go:99.3,99.30 1 6
github.com/sausheong/hand/internal/tui/session_operation.go:99.30,101.4 1 1
github.com/sausheong/hand/internal/tui/session_operation.go:102.3,102.27 1 6
github.com/sausheong/hand/internal/tui/session_operation.go:102.27,104.4 1 1
github.com/sausheong/hand/internal/tui/session_operation.go:105.3,106.27 2 6
github.com/sausheong/hand/internal/tui/session_operation.go:106.27,108.4 1 0
github.com/sausheong/hand/internal/tui/session_operation.go:110.2,111.24 2 16
github.com/sausheong/hand/internal/tui/session_operation.go:111.24,113.3 1 0
github.com/sausheong/hand/internal/tui/session_operation.go:114.2,114.12 1 16
github.com/sausheong/hand/internal/tui/session_tree.go:10.55,11.25 1 3
github.com/sausheong/hand/internal/tui/session_tree.go:11.25,15.3 3 0
github.com/sausheong/hand/internal/tui/session_tree.go:16.2,16.19 1 3
github.com/sausheong/hand/internal/tui/session_tree.go:16.19,20.3 3 0
github.com/sausheong/hand/internal/tui/session_tree.go:21.2,22.20 2 3
github.com/sausheong/hand/internal/tui/session_tree.go:22.20,23.73 1 2
github.com/sausheong/hand/internal/tui/session_tree.go:23.73,23.126 1 2
github.com/sausheong/hand/internal/tui/session_tree.go:25.2,25.85 1 1
github.com/sausheong/hand/internal/tui/session_tree.go:25.85,28.17 3 1
github.com/sausheong/hand/internal/tui/session_tree.go:28.17,31.4 2 0
github.com/sausheong/hand/internal/tui/session_tree.go:32.3,32.22 1 1
github.com/sausheong/hand/internal/tui/session_tree.go:32.22,35.4 2 0
github.com/sausheong/hand/internal/tui/session_tree.go:36.3,37.30 2 1
github.com/sausheong/hand/internal/tui/session_tree.go:37.30,38.36 1 2
github.com/sausheong/hand/internal/tui/session_tree.go:38.36,41.5 2 0
github.com/sausheong/hand/internal/tui/session_tree.go:42.4,43.21 2 2
github.com/sausheong/hand/internal/tui/session_tree.go:43.21,45.5 1 1
github.com/sausheong/hand/internal/tui/session_tree.go:46.4,47.20 2 2
github.com/sausheong/hand/internal/tui/session_tree.go:47.20,49.5 1 1
github.com/sausheong/hand/internal/tui/session_tree.go:50.4,50.164 1 2
github.com/sausheong/hand/internal/tui/session_tree.go:52.3,52.16 1 1
github.com/sausheong/hand/internal/tui/sessions.go:13.57,14.25 1 5
github.com/sausheong/hand/internal/tui/sessions.go:14.25,18.3 3 0
github.com/sausheong/hand/internal/tui/sessions.go:19.2,19.20 1 5
github.com/sausheong/hand/internal/tui/sessions.go:19.20,21.86 2 2
github.com/sausheong/hand/internal/tui/sessions.go:21.86,24.18 3 2
github.com/sausheong/hand/internal/tui/sessions.go:24.18,27.5 2 0
github.com/sausheong/hand/internal/tui/sessions.go:28.4,28.25 1 2
github.com/sausheong/hand/internal/tui/sessions.go:28.25,31.5 2 0
github.com/sausheong/hand/internal/tui/sessions.go:32.4,33.35 2 2
github.com/sausheong/hand/internal/tui/sessions.go:33.35,34.37 1 4
github.com/sausheong/hand/internal/tui/sessions.go:34.37,37.6 2 0
github.com/sausheong/hand/internal/tui/sessions.go:38.5,39.28 2 4
github.com/sausheong/hand/internal/tui/sessions.go:39.28,41.6 1 2
github.com/sausheong/hand/internal/tui/sessions.go:42.5,43.19 2 4
github.com/sausheong/hand/internal/tui/sessions.go:43.19,45.6 1 3
github.com/sausheong/hand/internal/tui/sessions.go:46.5,46.134 1 4
github.com/sausheong/hand/internal/tui/sessions.go:48.4,48.17 1 2
github.com/sausheong/hand/internal/tui/sessions.go:51.2,51.20 1 3
github.com/sausheong/hand/internal/tui/sessions.go:51.20,55.3 3 0
github.com/sausheong/hand/internal/tui/sessions.go:56.2,56.72 1 3
github.com/sausheong/hand/internal/tui/sessions.go:56.72,56.130 1 3
github.com/sausheong/hand/internal/tui/sessions.go:59.53,61.25 2 2
github.com/sausheong/hand/internal/tui/sessions.go:61.25,64.3 2 0
github.com/sausheong/hand/internal/tui/sessions.go:65.2,65.16 1 2
github.com/sausheong/hand/internal/tui/sessions.go:65.16,68.3 2 0
github.com/sausheong/hand/internal/tui/sessions.go:69.2,70.85 2 2
github.com/sausheong/hand/internal/tui/sessions.go:70.85,72.24 2 2
github.com/sausheong/hand/internal/tui/sessions.go:72.24,74.4 1 2
github.com/sausheong/hand/internal/tui/sessions.go:75.3,75.16 1 2
github.com/sausheong/hand/internal/tui/sessions.go:81.36,92.2 10 6
github.com/sausheong/hand/internal/tui/status.go:13.57,14.17 1 25
github.com/sausheong/hand/internal/tui/status.go:14.17,16.3 1 18
github.com/sausheong/hand/internal/tui/status.go:17.2,21.12 5 7
github.com/sausheong/hand/internal/tui/status.go:37.38,38.14 1 996
github.com/sausheong/hand/internal/tui/status.go:38.14,40.3 1 970
github.com/sausheong/hand/internal/tui/status.go:41.2,41.76 1 26
github.com/sausheong/hand/internal/tui/status.go:45.35,47.2 1 1004
github.com/sausheong/hand/internal/tui/status.go:51.37,52.9 1 2168
github.com/sausheong/hand/internal/tui/status.go:53.22,54.70 1 3
github.com/sausheong/hand/internal/tui/status.go:55.18,56.66 1 23
github.com/sausheong/hand/internal/tui/status.go:57.10,58.30 1 2142
github.com/sausheong/hand/internal/tui/status.go:64.40,66.2 1 26
github.com/sausheong/hand/internal/tui/status.go:71.45,72.21 1 252
github.com/sausheong/hand/internal/tui/status.go:72.21,74.3 1 216
github.com/sausheong/hand/internal/tui/status.go:75.2,75.38 1 36
github.com/sausheong/hand/internal/tui/summarize.go:29.43,34.22 4 148
github.com/sausheong/hand/internal/tui/summarize.go:34.22,35.29 1 5136
github.com/sausheong/hand/internal/tui/summarize.go:35.29,37.12 2 34
github.com/sausheong/hand/internal/tui/summarize.go:39.3,39.28 1 5102
github.com/sausheong/hand/internal/tui/summarize.go:39.28,40.12 1 4
github.com/sausheong/hand/internal/tui/summarize.go:42.3,42.17 1 5098
github.com/sausheong/hand/internal/tui/summarize.go:44.2,44.19 1 148
github.com/sausheong/hand/internal/tui/summarize.go:60.67,62.14 2 16
github.com/sausheong/hand/internal/tui/summarize.go:63.46,67.40 2 8
github.com/sausheong/hand/internal/tui/summarize.go:67.40,69.4 1 6
github.com/sausheong/hand/internal/tui/summarize.go:70.14,74.40 2 4
github.com/sausheong/hand/internal/tui/summarize.go:74.40,76.4 1 1
github.com/sausheong/hand/internal/tui/summarize.go:77.19,81.40 2 1
github.com/sausheong/hand/internal/tui/summarize.go:81.40,83.4 1 1
github.com/sausheong/hand/internal/tui/summarize.go:84.20,88.58 2 1
github.com/sausheong/hand/internal/tui/summarize.go:88.58,90.4 1 1
github.com/sausheong/hand/internal/tui/summarize.go:92.2,92.67 1 16
github.com/sausheong/hand/internal/tui/summarize.go:97.48,98.45 1 19
github.com/sausheong/hand/internal/tui/summarize.go:98.45,100.3 1 1
github.com/sausheong/hand/internal/tui/summarize.go:101.2,101.34 1 19
github.com/sausheong/hand/internal/tui/summarize.go:101.34,103.3 1 1
github.com/sausheong/hand/internal/tui/summarize.go:104.2,104.10 1 19
github.com/sausheong/hand/internal/tui/summarize.go:123.48,125.18 2 12
github.com/sausheong/hand/internal/tui/summarize.go:125.18,127.3 1 2
github.com/sausheong/hand/internal/tui/summarize.go:129.2,131.37 3 10
github.com/sausheong/hand/internal/tui/summarize.go:131.37,134.3 2 1
github.com/sausheong/hand/internal/tui/summarize.go:135.2,140.55 2 10
github.com/sausheong/hand/internal/tui/summarize.go:140.55,143.3 2 2
github.com/sausheong/hand/internal/tui/summarize.go:144.2,144.15 1 10
github.com/sausheong/hand/internal/tui/summarize.go:144.15,146.3 1 3
github.com/sausheong/hand/internal/tui/summarize.go:148.2,149.32 2 10
github.com/sausheong/hand/internal/tui/summarize.go:149.32,151.3 1 22
github.com/sausheong/hand/internal/tui/summarize.go:152.2,152.37 1 10
github.com/sausheong/hand/internal/sessionio/catalogue.go:47.64,49.16 2 45
github.com/sausheong/hand/internal/sessionio/catalogue.go:49.16,51.3 1 0
github.com/sausheong/hand/internal/sessionio/catalogue.go:52.2,53.16 2 45
github.com/sausheong/hand/internal/sessionio/catalogue.go:53.16,55.3 1 0
github.com/sausheong/hand/internal/sessionio/catalogue.go:56.2,57.16 2 45
github.com/sausheong/hand/internal/sessionio/catalogue.go:57.16,59.3 1 0
github.com/sausheong/hand/internal/sessionio/catalogue.go:60.2,61.16 2 45
github.com/sausheong/hand/internal/sessionio/catalogue.go:61.16,63.3 1 0
github.com/sausheong/hand/internal/sessionio/catalogue.go:64.2,64.19 1 45
github.com/sausheong/hand/internal/sessionio/catalogue.go:64.19,66.3 1 0
github.com/sausheong/hand/internal/sessionio/catalogue.go:67.2,67.29 1 45
github.com/sausheong/hand/internal/sessionio/catalogue.go:67.29,69.3 1 0
github.com/sausheong/hand/internal/sessionio/catalogue.go:71.2,71.104 1 45
github.com/sausheong/hand/internal/sessionio/catalogue.go:74.59,78.24 4 177
github.com/sausheong/hand/internal/sessionio/catalogue.go:78.24,80.3 1 49
github.com/sausheong/hand/internal/sessionio/catalogue.go:81.2,81.16 1 128
github.com/sausheong/hand/internal/sessionio/catalogue.go:81.16,83.3 1 0
github.com/sausheong/hand/internal/sessionio/catalogue.go:84.2,84.30 1 128
github.com/sausheong/hand/internal/sessionio/catalogue.go:84.30,86.3 1 1
github.com/sausheong/hand/internal/sessionio/catalogue.go:87.2,88.16 2 127
github.com/sausheong/hand/internal/sessionio/catalogue.go:88.16,90.3 1 0
github.com/sausheong/hand/internal/sessionio/catalogue.go:91.2,93.16 3 127
github.com/sausheong/hand/internal/sessionio/catalogue.go:93.16,95.3 1 0
github.com/sausheong/hand/internal/sessionio/catalogue.go:96.2,96.34 1 127
github.com/sausheong/hand/internal/sessionio/catalogue.go:96.34,98.3 1 1
github.com/sausheong/hand/internal/sessionio/catalogue.go:99.2,102.50 4 126
github.com/sausheong/hand/internal/sessionio/catalogue.go:102.50,104.3 1 2
github.com/sausheong/hand/internal/sessionio/catalogue.go:105.2,106.50 2 124
github.com/sausheong/hand/internal/sessionio/catalogue.go:106.50,108.3 1 2
github.com/sausheong/hand/internal/sessionio/catalogue.go:109.2,109.45 1 122
github.com/sausheong/hand/internal/sessionio/catalogue.go:109.45,111.3 1 7
github.com/sausheong/hand/internal/sessionio/catalogue.go:112.2,112.22 1 115
github.com/sausheong/hand/internal/sessionio/catalogue.go:115.40,117.2 1 798
github.com/sausheong/hand/internal/sessionio/catalogue.go:118.41,119.48 1 274
github.com/sausheong/hand/internal/sessionio/catalogue.go:119.48,121.3 1 0
github.com/sausheong/hand/internal/sessionio/catalogue.go:122.2,122.25 1 274
github.com/sausheong/hand/internal/sessionio/catalogue.go:122.25,123.27 1 2473
github.com/sausheong/hand/internal/sessionio/catalogue.go:123.27,125.4 1 1
github.com/sausheong/hand/internal/sessionio/catalogue.go:127.2,127.13 1 273
github.com/sausheong/hand/internal/sessionio/catalogue.go:129.57,130.20 1 193
github.com/sausheong/hand/internal/sessionio/catalogue.go:130.20,132.3 1 4
github.com/sausheong/hand/internal/sessionio/catalogue.go:133.2,133.32 1 189
github.com/sausheong/hand/internal/sessionio/catalogue.go:133.32,135.3 1 2
github.com/sausheong/hand/internal/sessionio/catalogue.go:136.2,136.44 1 187
github.com/sausheong/hand/internal/sessionio/catalogue.go:136.44,138.3 1 1
github.com/sausheong/hand/internal/sessionio/catalogue.go:139.2,141.35 3 186
github.com/sausheong/hand/internal/sessionio/catalogue.go:141.35,142.162 1 251
github.com/sausheong/hand/internal/sessionio/catalogue.go:142.162,144.4 1 1
github.com/sausheong/hand/internal/sessionio/catalogue.go:145.3,146.33 2 250
github.com/sausheong/hand/internal/sessionio/catalogue.go:146.33,148.4 1 1
github.com/sausheong/hand/internal/sessionio/catalogue.go:149.3,150.19 2 249
github.com/sausheong/hand/internal/sessionio/catalogue.go:152.2,152.50 1 184
github.com/sausheong/hand/internal/sessionio/catalogue.go:152.50,154.3 1 0
github.com/sausheong/hand/internal/sessionio/catalogue.go:155.2,155.12 1 184
github.com/sausheong/hand/internal/sessionio/catalogue.go:161.73,162.51 1 66
github.com/sausheong/hand/internal/sessionio/catalogue.go:162.51,164.36 2 59
github.com/sausheong/hand/internal/sessionio/catalogue.go:164.36,165.29 1 28
github.com/sausheong/hand/internal/sessionio/catalogue.go:165.29,166.77 1 6
github.com/sausheong/hand/internal/sessionio/catalogue.go:166.77,168.6 1 1
github.com/sausheong/hand/internal/sessionio/catalogue.go:169.5,169.17 1 5
github.com/sausheong/hand/internal/sessionio/catalogue.go:172.3,172.13 1 58
github.com/sausheong/hand/internal/sessionio/catalogue.go:172.13,174.4 1 53
github.com/sausheong/hand/internal/sessionio/catalogue.go:175.3,175.15 1 58
github.com/sausheong/hand/internal/sessionio/catalogue.go:175.15,177.4 1 39
github.com/sausheong/hand/internal/sessionio/catalogue.go:178.3,178.13 1 19
github.com/sausheong/hand/internal/sessionio/catalogue.go:181.45,182.51 1 14
github.com/sausheong/hand/internal/sessionio/catalogue.go:182.51,182.82 1 13
github.com/sausheong/hand/internal/sessionio/catalogue.go:184.59,185.28 1 52
github.com/sausheong/hand/internal/sessionio/catalogue.go:185.28,186.29 1 66
github.com/sausheong/hand/internal/sessionio/catalogue.go:186.29,190.4 3 51
github.com/sausheong/hand/internal/sessionio/catalogue.go:192.2,192.66 1 1
github.com/sausheong/hand/internal/sessionio/catalogue.go:194.51,195.29 1 3
github.com/sausheong/hand/internal/sessionio/catalogue.go:195.29,197.3 1 1
github.com/sausheong/hand/internal/sessionio/catalogue.go:198.2,198.51 1 2
github.com/sausheong/hand/internal/sessionio/catalogue.go:198.51,199.29 1 2
github.com/sausheong/hand/internal/sessionio/catalogue.go:199.29,200.30 1 2
github.com/sausheong/hand/internal/sessionio/catalogue.go:200.30,203.5 2 1
github.com/sausheong/hand/internal/sessionio/catalogue.go:205.3,205.67 1 1
github.com/sausheong/hand/internal/sessionio/catalogue.go:209.73,211.49 2 82
github.com/sausheong/hand/internal/sessionio/catalogue.go:211.49,213.3 1 0
github.com/sausheong/hand/internal/sessionio/catalogue.go:214.2,215.16 2 82
github.com/sausheong/hand/internal/sessionio/catalogue.go:215.16,217.3 1 2
github.com/sausheong/hand/internal/sessionio/catalogue.go:218.2,220.16 3 80
github.com/sausheong/hand/internal/sessionio/catalogue.go:220.16,222.3 1 6
github.com/sausheong/hand/internal/sessionio/catalogue.go:223.2,224.16 2 74
github.com/sausheong/hand/internal/sessionio/catalogue.go:224.16,226.3 1 0
github.com/sausheong/hand/internal/sessionio/catalogue.go:227.2,227.42 1 74
github.com/sausheong/hand/internal/sessionio/catalogue.go:227.42,229.3 1 3
github.com/sausheong/hand/internal/sessionio/catalogue.go:230.2,230.45 1 71
github.com/sausheong/hand/internal/sessionio/catalogue.go:230.45,232.3 1 2
github.com/sausheong/hand/internal/sessionio/catalogue.go:233.2,234.16 2 69
github.com/sausheong/hand/internal/sessionio/catalogue.go:234.16,236.3 1 0
github.com/sausheong/hand/internal/sessionio/catalogue.go:237.2,237.32 1 69
github.com/sausheong/hand/internal/sessionio/catalogue.go:237.32,241.17 2 5
github.com/sausheong/hand/internal/sessionio/catalogue.go:241.17,243.4 1 0
github.com/sausheong/hand/internal/sessionio/catalogue.go:244.3,244.71 1 5
github.com/sausheong/hand/internal/sessionio/catalogue.go:244.71,246.4 1 1
github.com/sausheong/hand/internal/sessionio/catalogue.go:247.3,247.34 1 4
github.com/sausheong/hand/internal/sessionio/catalogue.go:249.2,249.39 1 64
github.com/sausheong/hand/internal/sessionio/catalogue.go:249.39,251.3 1 1
github.com/sausheong/hand/internal/sessionio/catalogue.go:252.2,254.16 3 63
github.com/sausheong/hand/internal/sessionio/catalogue.go:254.16,256.3 1 0
github.com/sausheong/hand/internal/sessionio/catalogue.go:257.2,258.34 2 63
github.com/sausheong/hand/internal/sessionio/catalogue.go:258.34,260.3 1 0
github.com/sausheong/hand/internal/sessionio/catalogue.go:261.2,262.16 2 63
github.com/sausheong/hand/internal/sessionio/catalogue.go:262.16,264.3 1 0
github.com/sausheong/hand/internal/sessionio/catalogue.go:265.2,265.15 1 63
github.com/sausheong/hand/internal/sessionio/catalogue.go:265.15,265.55 2 63
github.com/sausheong/hand/internal/sessionio/catalogue.go:266.2,266.43 1 63
github.com/sausheong/hand/internal/sessionio/catalogue.go:266.43,268.3 1 0
github.com/sausheong/hand/internal/sessionio/catalogue.go:268.8,268.26 1 63
github.com/sausheong/hand/internal/sessionio/catalogue.go:268.26,270.3 1 0
github.com/sausheong/hand/internal/sessionio/catalogue.go:271.2,271.43 1 63
github.com/sausheong/hand/internal/sessionio/catalogue.go:271.43,273.3 1 1
github.com/sausheong/hand/internal/sessionio/catalogue.go:274.2,274.37 1 62
github.com/sausheong/hand/internal/sessionio/catalogue.go:274.37,276.3 1 0
github.com/sausheong/hand/internal/sessionio/catalogue.go:277.2,277.88 1 62
github.com/sausheong/hand/internal/sessionio/catalogue.go:277.88,279.3 1 1
github.com/sausheong/hand/internal/sessionio/catalogue.go:280.2,280.33 1 61
github.com/sausheong/hand/internal/sessionio/catalogue.go:289.46,290.17 1 86
github.com/sausheong/hand/internal/sessionio/catalogue.go:290.17,292.3 1 5
github.com/sausheong/hand/internal/sessionio/catalogue.go:293.2,293.54 1 81
github.com/sausheong/hand/internal/sessionio/catalogue.go:293.54,293.73 1 66
github.com/sausheong/hand/internal/sessionio/catalogue.go:293.133,295.17 2 63
github.com/sausheong/hand/internal/sessionio/catalogue.go:295.17,297.4 1 0
github.com/sausheong/hand/internal/sessionio/catalogue.go:298.3,298.46 1 63
github.com/sausheong/hand/internal/sessionio/catalogue_unix.go:11.51,13.16 2 178
github.com/sausheong/hand/internal/sessionio/catalogue_unix.go:13.16,15.3 1 2
github.com/sausheong/hand/internal/sessionio/catalogue_unix.go:16.2,17.75 2 176
github.com/sausheong/hand/internal/sessionio/catalogue_unix.go:17.75,19.76 2 3
github.com/sausheong/hand/internal/sessionio/catalogue_unix.go:19.76,21.4 1 3
github.com/sausheong/hand/internal/sessionio/catalogue_unix.go:22.3,22.18 1 0
github.com/sausheong/hand/internal/sessionio/catalogue_unix.go:24.2,24.18 1 173
github.com/sausheong/hand/internal/sessionio/export.go:20.101,21.34 1 6
github.com/sausheong/hand/internal/sessionio/export.go:21.34,23.3 1 0
github.com/sausheong/hand/internal/sessionio/export.go:24.2,25.16 2 6
github.com/sausheong/hand/internal/sessionio/export.go:25.16,27.3 1 0
github.com/sausheong/hand/internal/sessionio/export.go:28.2,29.43 2 6
github.com/sausheong/hand/internal/sessionio/export.go:29.43,30.68 1 6
github.com/sausheong/hand/internal/sessionio/export.go:30.68,32.18 2 6
github.com/sausheong/hand/internal/sessionio/export.go:32.18,34.5 1 0
github.com/sausheong/hand/internal/sessionio/export.go:35.4,35.9 1 6
github.com/sausheong/hand/internal/sessionio/export.go:38.2,38.18 1 6
github.com/sausheong/hand/internal/sessionio/export.go:38.18,40.3 1 0
github.com/sausheong/hand/internal/sessionio/export.go:41.2,41.37 1 6
github.com/sausheong/hand/internal/sessionio/export.go:41.37,43.3 1 0
github.com/sausheong/hand/internal/sessionio/export.go:44.2,45.16 2 6
github.com/sausheong/hand/internal/sessionio/export.go:45.16,47.3 1 0
github.com/sausheong/hand/internal/sessionio/export.go:48.2,48.30 1 6
github.com/sausheong/hand/internal/sessionio/export.go:48.30,50.3 1 0
github.com/sausheong/hand/internal/sessionio/export.go:51.2,51.41 1 6
github.com/sausheong/hand/internal/sessionio/export.go:51.41,53.3 1 0
github.com/sausheong/hand/internal/sessionio/export.go:54.2,55.16 2 6
github.com/sausheong/hand/internal/sessionio/export.go:55.16,57.3 1 0
github.com/sausheong/hand/internal/sessionio/export.go:58.2,60.16 3 6
github.com/sausheong/hand/internal/sessionio/export.go:60.16,62.3 1 0
github.com/sausheong/hand/internal/sessionio/export.go:63.2,63.33 1 6
github.com/sausheong/hand/internal/sessionio/export.go:63.33,65.3 1 0
github.com/sausheong/hand/internal/sessionio/export.go:66.2,67.16 2 6
github.com/sausheong/hand/internal/sessionio/export.go:67.16,69.3 1 0
github.com/sausheong/hand/internal/sessionio/export.go:70.2,71.16 2 6
github.com/sausheong/hand/internal/sessionio/export.go:71.16,73.3 1 0
github.com/sausheong/hand/internal/sessionio/export.go:74.2,75.27 2 6
github.com/sausheong/hand/internal/sessionio/export.go:75.27,76.45 1 2
github.com/sausheong/hand/internal/sessionio/export.go:76.45,78.4 1 0
github.com/sausheong/hand/internal/sessionio/export.go:79.3,79.20 1 2
github.com/sausheong/hand/internal/sessionio/export.go:83.2,83.127 1 6
github.com/sausheong/hand/internal/sessionio/export.go:83.127,85.3 1 1
github.com/sausheong/hand/internal/sessionio/export.go:86.2,87.16 2 5
github.com/sausheong/hand/internal/sessionio/export.go:87.16,89.3 1 0
github.com/sausheong/hand/internal/sessionio/export.go:90.2,92.110 3 5
github.com/sausheong/hand/internal/sessionio/export.go:92.110,94.3 1 0
github.com/sausheong/hand/internal/sessionio/export.go:95.2,95.35 1 5
github.com/sausheong/hand/internal/sessionio/export.go:95.35,97.3 1 0
github.com/sausheong/hand/internal/sessionio/export.go:98.2,98.36 1 5
github.com/sausheong/hand/internal/sessionio/export.go:98.36,100.3 1 0
github.com/sausheong/hand/internal/sessionio/export.go:101.2,101.34 1 5
github.com/sausheong/hand/internal/sessionio/export.go:101.34,103.3 1 0
github.com/sausheong/hand/internal/sessionio/export.go:104.2,104.31 1 5
github.com/sausheong/hand/internal/sessionio/export.go:104.31,105.62 1 2
github.com/sausheong/hand/internal/sessionio/export.go:105.62,107.4 1 1
github.com/sausheong/hand/internal/sessionio/export.go:109.2,109.57 1 4
github.com/sausheong/hand/internal/sessionio/export.go:109.57,111.3 1 0
github.com/sausheong/hand/internal/sessionio/export.go:112.2,112.31 1 4
github.com/sausheong/hand/internal/sessionio/export.go:112.31,113.61 1 1
github.com/sausheong/hand/internal/sessionio/export.go:113.61,115.4 1 1
github.com/sausheong/hand/internal/sessionio/export.go:117.2,118.16 2 3
github.com/sausheong/hand/internal/sessionio/export.go:118.16,120.3 1 0
github.com/sausheong/hand/internal/sessionio/export.go:121.2,122.16 2 3
github.com/sausheong/hand/internal/sessionio/export.go:122.16,124.3 1 0
github.com/sausheong/hand/internal/sessionio/export.go:125.2,125.12 1 3
github.com/sausheong/hand/internal/sessionio/export.go:130.111,134.6 4 12
github.com/sausheong/hand/internal/sessionio/export.go:134.6,135.35 1 28
github.com/sausheong/hand/internal/sessionio/export.go:135.35,137.4 1 1
github.com/sausheong/hand/internal/sessionio/export.go:138.3,141.45 4 27
github.com/sausheong/hand/internal/sessionio/export.go:141.45,143.4 1 3
github.com/sausheong/hand/internal/sessionio/export.go:144.3,144.20 1 24
github.com/sausheong/hand/internal/sessionio/export.go:144.20,146.23 2 17
github.com/sausheong/hand/internal/sessionio/export.go:146.23,148.5 1 0
github.com/sausheong/hand/internal/sessionio/export.go:149.4,149.22 1 17
github.com/sausheong/hand/internal/sessionio/export.go:149.22,151.5 1 1
github.com/sausheong/hand/internal/sessionio/export.go:153.3,153.17 1 23
github.com/sausheong/hand/internal/sessionio/export.go:153.17,155.12 2 13
github.com/sausheong/hand/internal/sessionio/export.go:157.3,157.42 1 10
github.com/sausheong/hand/internal/sessionio/export.go:157.42,158.12 1 3
github.com/sausheong/hand/internal/sessionio/export.go:160.3,160.29 1 7
github.com/sausheong/hand/internal/sessionio/export.go:160.29,162.4 1 7
github.com/sausheong/hand/internal/sessionio/export.go:163.3,163.13 1 0
github.com/sausheong/hand/internal/sessionio/export.go:169.85,170.34 1 4
github.com/sausheong/hand/internal/sessionio/export.go:170.34,172.3 1 0
github.com/sausheong/hand/internal/sessionio/export.go:173.2,174.16 2 4
github.com/sausheong/hand/internal/sessionio/export.go:174.16,176.3 1 0
github.com/sausheong/hand/internal/sessionio/export.go:177.2,177.43 1 4
github.com/sausheong/hand/internal/sessionio/export.go:177.43,178.22 1 4
github.com/sausheong/hand/internal/sessionio/export.go:178.22,179.12 1 0
github.com/sausheong/hand/internal/sessionio/export.go:181.3,181.50 1 4
github.com/sausheong/hand/internal/sessionio/export.go:181.50,183.4 1 0
github.com/sausheong/hand/internal/sessionio/export.go:184.3,186.17 3 4
github.com/sausheong/hand/internal/sessionio/export.go:186.17,188.4 1 0
github.com/sausheong/hand/internal/sessionio/export.go:189.3,189.16 1 4
github.com/sausheong/hand/internal/sessionio/export.go:189.16,189.56 1 4
github.com/sausheong/hand/internal/sessionio/export.go:190.3,190.20 1 4
github.com/sausheong/hand/internal/sessionio/export.go:190.20,192.4 1 0
github.com/sausheong/hand/internal/sessionio/export.go:193.3,193.59 1 4
github.com/sausheong/hand/internal/sessionio/export.go:195.2,195.74 1 0
github.com/sausheong/hand/internal/sessionio/fork.go:15.52,16.29 1 20
github.com/sausheong/hand/internal/sessionio/fork.go:16.29,18.3 1 10
github.com/sausheong/hand/internal/sessionio/fork.go:19.2,19.12 1 10
github.com/sausheong/hand/internal/sessionio/fork.go:26.96,28.34 2 9
github.com/sausheong/hand/internal/sessionio/fork.go:28.34,30.3 1 1
github.com/sausheong/hand/internal/sessionio/fork.go:31.2,32.16 2 8
github.com/sausheong/hand/internal/sessionio/fork.go:32.16,34.3 1 0
github.com/sausheong/hand/internal/sessionio/fork.go:35.2,37.54 3 8
github.com/sausheong/hand/internal/sessionio/fork.go:37.54,39.3 1 0
github.com/sausheong/hand/internal/sessionio/fork.go:40.2,41.16 2 8
github.com/sausheong/hand/internal/sessionio/fork.go:41.16,43.3 1 0
github.com/sausheong/hand/internal/sessionio/fork.go:44.2,45.15 2 8
github.com/sausheong/hand/internal/sessionio/fork.go:45.15,46.14 1 8
github.com/sausheong/hand/internal/sessionio/fork.go:46.14,48.4 1 3
github.com/sausheong/hand/internal/sessionio/fork.go:50.2,50.49 1 8
github.com/sausheong/hand/internal/sessionio/fork.go:50.49,52.3 1 0
github.com/sausheong/hand/internal/sessionio/fork.go:53.2,53.87 1 8
github.com/sausheong/hand/internal/sessionio/fork.go:53.87,55.3 1 1
github.com/sausheong/hand/internal/sessionio/fork.go:56.2,56.32 1 7
github.com/sausheong/hand/internal/sessionio/fork.go:56.32,57.35 1 9
github.com/sausheong/hand/internal/sessionio/fork.go:57.35,59.4 1 0
github.com/sausheong/hand/internal/sessionio/fork.go:60.3,60.56 1 9
github.com/sausheong/hand/internal/sessionio/fork.go:60.56,62.4 1 1
github.com/sausheong/hand/internal/sessionio/fork.go:63.3,63.56 1 8
github.com/sausheong/hand/internal/sessionio/fork.go:63.56,65.4 1 1
github.com/sausheong/hand/internal/sessionio/fork.go:66.3,66.49 1 7
github.com/sausheong/hand/internal/sessionio/fork.go:66.49,68.4 1 0
github.com/sausheong/hand/internal/sessionio/fork.go:70.2,70.94 1 5
github.com/sausheong/hand/internal/sessionio/fork.go:70.94,72.3 1 0
github.com/sausheong/hand/internal/sessionio/fork.go:73.2,73.37 1 5
github.com/sausheong/hand/internal/sessionio/fork.go:73.37,75.3 1 0
github.com/sausheong/hand/internal/sessionio/fork.go:76.2,76.37 1 5
github.com/sausheong/hand/internal/sessionio/fork.go:76.37,78.3 1 0
github.com/sausheong/hand/internal/sessionio/fork.go:79.2,80.34 2 5
github.com/sausheong/hand/internal/sessionio/fork.go:80.34,82.3 1 0
github.com/sausheong/hand/internal/sessionio/fork.go:83.2,84.48 2 5
github.com/sausheong/hand/internal/sessionio/fork.go:84.48,86.3 1 0
github.com/sausheong/hand/internal/sessionio/fork.go:87.2,89.53 3 5
github.com/sausheong/hand/internal/sessionio/fork.go:89.53,91.3 1 0
github.com/sausheong/hand/internal/sessionio/fork.go:92.2,92.57 1 5
github.com/sausheong/hand/internal/sessionio/fork.go:92.57,94.3 1 1
github.com/sausheong/hand/internal/sessionio/fork.go:95.2,95.119 1 4
github.com/sausheong/hand/internal/sessionio/fork.go:95.119,97.3 1 0
github.com/sausheong/hand/internal/sessionio/fork.go:98.2,98.56 1 4
github.com/sausheong/hand/internal/sessionio/fork.go:98.56,100.3 1 1
github.com/sausheong/hand/internal/sessionio/fork.go:103.2,105.16 3 3
github.com/sausheong/hand/internal/sessionio/fork.go:105.16,107.3 1 0
github.com/sausheong/hand/internal/sessionio/fork.go:108.2,108.37 1 3
github.com/sausheong/hand/internal/sessionio/fork.go:108.37,110.3 1 0
github.com/sausheong/hand/internal/sessionio/fork.go:111.2,112.34 2 3
github.com/sausheong/hand/internal/sessionio/fork.go:112.34,114.3 1 0
github.com/sausheong/hand/internal/sessionio/fork.go:115.2,115.59 1 3
github.com/sausheong/hand/internal/sessionio/fork.go:115.59,117.3 1 1
github.com/sausheong/hand/internal/sessionio/fork.go:118.2,118.59 1 2
github.com/sausheong/hand/internal/sessionio/fork.go:118.59,120.3 1 0
github.com/sausheong/hand/internal/sessionio/fork.go:121.2,122.20 2 2
github.com/sausheong/hand/internal/sessionio/fork_staging.go:17.60,19.16 2 9
github.com/sausheong/hand/internal/sessionio/fork_staging.go:19.16,21.3 1 0
github.com/sausheong/hand/internal/sessionio/fork_staging.go:22.2,24.16 3 9
github.com/sausheong/hand/internal/sessionio/fork_staging.go:24.16,26.3 1 0
github.com/sausheong/hand/internal/sessionio/fork_staging.go:27.2,28.16 2 9
github.com/sausheong/hand/internal/sessionio/fork_staging.go:28.16,31.3 2 0
github.com/sausheong/hand/internal/sessionio/fork_staging.go:32.2,32.21 1 9
github.com/sausheong/hand/internal/sessionio/fork_staging.go:32.21,32.57 2 9
github.com/sausheong/hand/internal/sessionio/fork_staging.go:37.72,38.34 1 39
github.com/sausheong/hand/internal/sessionio/fork_staging.go:38.34,40.3 1 1
github.com/sausheong/hand/internal/sessionio/fork_staging.go:41.2,42.36 2 38
github.com/sausheong/hand/internal/sessionio/fork_staging.go:42.36,44.3 1 2
github.com/sausheong/hand/internal/sessionio/fork_staging.go:45.2,45.38 1 36
github.com/sausheong/hand/internal/sessionio/fork_staging.go:45.38,47.3 1 0
github.com/sausheong/hand/internal/sessionio/fork_staging.go:48.2,48.16 1 36
github.com/sausheong/hand/internal/sessionio/fork_staging.go:48.16,50.3 1 0
github.com/sausheong/hand/internal/sessionio/fork_staging.go:51.2,53.16 3 36
github.com/sausheong/hand/internal/sessionio/fork_staging.go:53.16,55.3 1 0
github.com/sausheong/hand/internal/sessionio/fork_staging.go:56.2,58.43 3 36
github.com/sausheong/hand/internal/sessionio/fork_staging.go:58.43,60.3 1 0
github.com/sausheong/hand/internal/sessionio/fork_staging.go:61.2,62.32 2 36
github.com/sausheong/hand/internal/sessionio/fork_staging.go:62.32,63.35 1 131
github.com/sausheong/hand/internal/sessionio/fork_staging.go:63.35,65.4 1 0
github.com/sausheong/hand/internal/sessionio/fork_staging.go:66.3,66.39 1 131
github.com/sausheong/hand/internal/sessionio/fork_staging.go:66.39,67.9 1 1
github.com/sausheong/hand/internal/sessionio/fork_staging.go:69.3,69.67 1 130
github.com/sausheong/hand/internal/sessionio/fork_staging.go:69.67,70.12 1 91
github.com/sausheong/hand/internal/sessionio/fork_staging.go:72.3,74.39 3 39
github.com/sausheong/hand/internal/sessionio/fork_staging.go:74.39,75.12 1 1
github.com/sausheong/hand/internal/sessionio/fork_staging.go:77.3,77.17 1 38
github.com/sausheong/hand/internal/sessionio/fork_staging.go:77.17,79.4 1 0
github.com/sausheong/hand/internal/sessionio/fork_staging.go:80.3,82.52 3 38
github.com/sausheong/hand/internal/sessionio/fork_staging.go:82.52,84.4 1 0
github.com/sausheong/hand/internal/sessionio/fork_staging.go:85.3,85.12 1 38
github.com/sausheong/hand/internal/sessionio/fork_staging.go:87.2,87.21 1 36
github.com/sausheong/hand/internal/sessionio/manager.go:33.66,34.28 1 29
github.com/sausheong/hand/internal/sessionio/manager.go:34.28,36.3 1 0
github.com/sausheong/hand/internal/sessionio/manager.go:37.2,38.16 2 29
github.com/sausheong/hand/internal/sessionio/manager.go:38.16,40.3 1 0
github.com/sausheong/hand/internal/sessionio/manager.go:41.2,42.16 2 29
github.com/sausheong/hand/internal/sessionio/manager.go:42.16,44.3 1 0
github.com/sausheong/hand/internal/sessionio/manager.go:45.2,47.26 3 29
github.com/sausheong/hand/internal/sessionio/manager.go:47.26,49.3 1 28
github.com/sausheong/hand/internal/sessionio/manager.go:50.2,50.159 1 29
github.com/sausheong/hand/internal/sessionio/manager.go:53.42,53.64 1 14
github.com/sausheong/hand/internal/sessionio/manager.go:55.41,56.38 1 72
github.com/sausheong/hand/internal/sessionio/manager.go:56.38,58.3 1 59
github.com/sausheong/hand/internal/sessionio/manager.go:59.2,59.38 1 13
github.com/sausheong/hand/internal/sessionio/manager.go:59.38,60.20 1 14
github.com/sausheong/hand/internal/sessionio/manager.go:60.20,62.4 1 12
github.com/sausheong/hand/internal/sessionio/manager.go:64.2,64.14 1 1
github.com/sausheong/hand/internal/sessionio/manager.go:70.68,71.53 1 34
github.com/sausheong/hand/internal/sessionio/manager.go:71.53,73.3 1 0
github.com/sausheong/hand/internal/sessionio/manager.go:74.2,75.16 2 34
github.com/sausheong/hand/internal/sessionio/manager.go:75.16,77.3 1 0
github.com/sausheong/hand/internal/sessionio/manager.go:78.2,79.38 2 34
github.com/sausheong/hand/internal/sessionio/manager.go:79.38,80.27 1 32
github.com/sausheong/hand/internal/sessionio/manager.go:80.27,82.4 1 32
github.com/sausheong/hand/internal/sessionio/manager.go:84.2,85.16 2 34
github.com/sausheong/hand/internal/sessionio/manager.go:85.16,87.3 1 0
github.com/sausheong/hand/internal/sessionio/manager.go:88.2,89.29 2 34
github.com/sausheong/hand/internal/sessionio/manager.go:89.29,90.35 1 41
github.com/sausheong/hand/internal/sessionio/manager.go:90.35,92.4 1 0
github.com/sausheong/hand/internal/sessionio/manager.go:93.3,93.48 1 41
github.com/sausheong/hand/internal/sessionio/manager.go:93.48,94.12 1 32
github.com/sausheong/hand/internal/sessionio/manager.go:96.3,97.45 2 9
github.com/sausheong/hand/internal/sessionio/manager.go:97.45,98.12 1 0
github.com/sausheong/hand/internal/sessionio/manager.go:100.3,100.17 1 9
github.com/sausheong/hand/internal/sessionio/manager.go:100.17,102.4 1 1
github.com/sausheong/hand/internal/sessionio/manager.go:103.3,105.32 3 8
github.com/sausheong/hand/internal/sessionio/manager.go:105.32,107.4 1 0
github.com/sausheong/hand/internal/sessionio/manager.go:108.3,108.36 1 8
github.com/sausheong/hand/internal/sessionio/manager.go:108.36,109.23 1 16
github.com/sausheong/hand/internal/sessionio/manager.go:109.23,111.5 1 3
github.com/sausheong/hand/internal/sessionio/manager.go:113.3,115.51 3 8
github.com/sausheong/hand/internal/sessionio/manager.go:115.51,117.4 1 0
github.com/sausheong/hand/internal/sessionio/manager.go:119.2,119.21 1 33
github.com/sausheong/hand/internal/sessionio/manager.go:122.100,127.29 3 50
github.com/sausheong/hand/internal/sessionio/manager.go:127.29,129.3 1 2
github.com/sausheong/hand/internal/sessionio/manager.go:130.2,130.16 1 50
github.com/sausheong/hand/internal/sessionio/manager.go:130.16,132.3 1 46
github.com/sausheong/hand/internal/sessionio/manager.go:133.2,134.57 2 4
github.com/sausheong/hand/internal/sessionio/manager.go:134.57,136.3 1 3
github.com/sausheong/hand/internal/sessionio/manager.go:137.2,138.31 2 1
github.com/sausheong/hand/internal/sessionio/manager.go:138.31,140.3 1 1
github.com/sausheong/hand/internal/sessionio/manager.go:141.2,141.16 1 1
github.com/sausheong/hand/internal/sessionio/manager.go:141.16,143.3 1 0
github.com/sausheong/hand/internal/sessionio/manager.go:144.2,144.42 1 1
github.com/sausheong/hand/internal/sessionio/manager.go:144.42,146.3 1 0
github.com/sausheong/hand/internal/sessionio/manager.go:149.2,150.29 2 1
github.com/sausheong/hand/internal/sessionio/manager.go:150.29,152.3 1 1
github.com/sausheong/hand/internal/sessionio/manager.go:153.2,153.27 1 1
github.com/sausheong/hand/internal/sessionio/manager.go:156.79,158.34 2 22
github.com/sausheong/hand/internal/sessionio/manager.go:158.34,160.3 1 1
github.com/sausheong/hand/internal/sessionio/manager.go:161.2,161.29 1 21
github.com/sausheong/hand/internal/sessionio/manager.go:161.29,163.3 1 0
github.com/sausheong/hand/internal/sessionio/manager.go:164.2,165.48 2 21
github.com/sausheong/hand/internal/sessionio/manager.go:165.48,167.3 1 0
github.com/sausheong/hand/internal/sessionio/manager.go:168.2,169.53 2 21
github.com/sausheong/hand/internal/sessionio/manager.go:169.53,171.3 1 0
github.com/sausheong/hand/internal/sessionio/manager.go:172.2,174.16 3 21
github.com/sausheong/hand/internal/sessionio/manager.go:174.16,176.3 1 0
github.com/sausheong/hand/internal/sessionio/manager.go:177.2,178.34 2 21
github.com/sausheong/hand/internal/sessionio/manager.go:178.34,180.3 1 0
github.com/sausheong/hand/internal/sessionio/manager.go:181.2,181.59 1 21
github.com/sausheong/hand/internal/sessionio/manager.go:181.59,183.3 1 0
github.com/sausheong/hand/internal/sessionio/manager.go:184.2,186.22 3 21
github.com/sausheong/hand/internal/sessionio/manager.go:191.87,193.23 2 21
github.com/sausheong/hand/internal/sessionio/manager.go:193.23,195.3 1 1
github.com/sausheong/hand/internal/sessionio/manager.go:196.2,198.16 3 20
github.com/sausheong/hand/internal/sessionio/manager.go:198.16,200.3 1 1
github.com/sausheong/hand/internal/sessionio/manager.go:201.2,201.11 1 19
github.com/sausheong/hand/internal/sessionio/manager.go:201.11,205.3 3 2
github.com/sausheong/hand/internal/sessionio/manager.go:206.2,207.16 2 17
github.com/sausheong/hand/internal/sessionio/manager.go:207.16,209.3 1 0
github.com/sausheong/hand/internal/sessionio/manager.go:210.2,210.14 1 17
github.com/sausheong/hand/internal/sessionio/manager.go:210.14,212.15 2 8
github.com/sausheong/hand/internal/sessionio/manager.go:212.15,213.40 1 7
github.com/sausheong/hand/internal/sessionio/manager.go:213.40,214.29 1 3
github.com/sausheong/hand/internal/sessionio/manager.go:214.29,216.11 2 3
github.com/sausheong/hand/internal/sessionio/manager.go:221.2,221.14 1 17
github.com/sausheong/hand/internal/sessionio/manager.go:221.14,225.3 3 4
github.com/sausheong/hand/internal/sessionio/manager.go:226.2,228.38 3 13
github.com/sausheong/hand/internal/sessionio/manager.go:228.38,229.17 1 16
github.com/sausheong/hand/internal/sessionio/manager.go:229.17,232.9 3 13
github.com/sausheong/hand/internal/sessionio/manager.go:235.2,235.69 1 13
github.com/sausheong/hand/internal/sessionio/manager.go:235.69,237.3 1 0
github.com/sausheong/hand/internal/sessionio/manager.go:238.2,240.16 3 13
github.com/sausheong/hand/internal/sessionio/manager.go:240.16,242.3 1 2
github.com/sausheong/hand/internal/sessionio/manager.go:243.2,243.26 1 11
github.com/sausheong/hand/internal/sessionio/manager.go:243.26,246.3 2 1
github.com/sausheong/hand/internal/sessionio/manager.go:247.2,247.34 1 10
github.com/sausheong/hand/internal/sessionio/manager.go:247.34,249.3 1 0
github.com/sausheong/hand/internal/sessionio/manager.go:250.2,250.47 1 10
github.com/sausheong/hand/internal/sessionio/manager.go:250.47,252.3 1 0
github.com/sausheong/hand/internal/sessionio/manager.go:253.2,255.22 3 10
github.com/sausheong/hand/internal/sessionio/manager.go:260.69,261.95 1 18
github.com/sausheong/hand/internal/sessionio/manager.go:261.95,263.3 1 0
github.com/sausheong/hand/internal/sessionio/manager.go:264.2,264.70 1 18
github.com/sausheong/hand/internal/sessionio/sessionio.go:14.33,16.16 2 1
github.com/sausheong/hand/internal/sessionio/sessionio.go:16.16,18.3 1 0
github.com/sausheong/hand/internal/sessionio/sessionio.go:19.2,19.54 1 1
github.com/sausheong/hand/internal/sessionio/sessionio.go:29.47,32.2 2 108
github.com/sausheong/hand/internal/sessionio/usage.go:25.80,26.17 1 7
github.com/sausheong/hand/internal/sessionio/usage.go:26.17,28.3 1 0
github.com/sausheong/hand/internal/sessionio/usage.go:29.2,29.54 1 7
github.com/sausheong/hand/internal/sessionio/usage.go:29.54,31.3 1 1
github.com/sausheong/hand/internal/sessionio/usage.go:32.2,32.49 1 6
github.com/sausheong/hand/internal/sessionio/usage.go:32.49,34.3 1 0
github.com/sausheong/hand/internal/sessionio/usage.go:35.2,36.16 2 6
github.com/sausheong/hand/internal/sessionio/usage.go:36.16,38.3 1 0
github.com/sausheong/hand/internal/sessionio/usage.go:39.2,39.49 1 6
github.com/sausheong/hand/internal/sessionio/usage.go:42.53,43.33 1 16
github.com/sausheong/hand/internal/sessionio/usage.go:43.33,45.3 1 0
github.com/sausheong/hand/internal/sessionio/usage.go:46.2,46.80 1 16
github.com/sausheong/hand/internal/sessionio/usage.go:46.80,48.3 1 0
github.com/sausheong/hand/internal/sessionio/usage.go:49.2,49.105 1 16
github.com/sausheong/hand/internal/sessionio/usage.go:49.105,51.3 1 0
github.com/sausheong/hand/internal/sessionio/usage.go:52.2,52.20 1 16
github.com/sausheong/hand/internal/sessionio/usage.go:52.20,53.32 1 3
github.com/sausheong/hand/internal/sessionio/usage.go:53.32,55.4 1 0
github.com/sausheong/hand/internal/sessionio/usage.go:56.3,56.13 1 3
github.com/sausheong/hand/internal/sessionio/usage.go:58.2,59.250 2 13
github.com/sausheong/hand/internal/sessionio/usage.go:59.250,61.3 1 1
github.com/sausheong/hand/internal/sessionio/usage.go:62.2,62.12 1 12
github.com/sausheong/hand/internal/sessionio/usage.go:68.61,70.17 2 12
github.com/sausheong/hand/internal/sessionio/usage.go:70.17,72.3 1 0
github.com/sausheong/hand/internal/sessionio/usage.go:73.2,74.16 2 12
github.com/sausheong/hand/internal/sessionio/usage.go:74.16,76.3 1 3
github.com/sausheong/hand/internal/sessionio/usage.go:77.2,79.67 3 9
github.com/sausheong/hand/internal/sessionio/usage.go:79.67,81.69 2 10
github.com/sausheong/hand/internal/sessionio/usage.go:81.69,83.4 1 0
github.com/sausheong/hand/internal/sessionio/usage.go:84.3,84.26 1 10
github.com/sausheong/hand/internal/sessionio/usage.go:84.26,86.4 1 1
github.com/sausheong/hand/internal/sessionio/usage.go:87.3,87.62 1 9
github.com/sausheong/hand/internal/sessionio/usage.go:87.62,89.4 1 0
github.com/sausheong/hand/internal/sessionio/usage.go:90.3,91.50 2 9
github.com/sausheong/hand/internal/sessionio/usage.go:91.50,92.37 1 3
github.com/sausheong/hand/internal/sessionio/usage.go:92.37,94.5 1 1
github.com/sausheong/hand/internal/sessionio/usage.go:95.4,95.12 1 2
github.com/sausheong/hand/internal/sessionio/usage.go:97.3,99.34 3 6
github.com/sausheong/hand/internal/sessionio/usage.go:99.34,101.12 2 2
github.com/sausheong/hand/internal/sessionio/usage.go:103.3,107.231 2 4
github.com/sausheong/hand/internal/sessionio/usage.go:107.231,108.48 1 16
github.com/sausheong/hand/internal/sessionio/usage.go:108.48,110.5 1 0
github.com/sausheong/hand/internal/sessionio/usage.go:111.4,111.28 1 16
github.com/sausheong/hand/internal/sessionio/usage.go:114.2,114.21 1 7
github.com/sausheong/hand/internal/sessionio/usage_tracking.go:18.67,20.65 2 36
github.com/sausheong/hand/internal/sessionio/usage_tracking.go:20.65,22.69 2 24
github.com/sausheong/hand/internal/sessionio/usage_tracking.go:22.69,24.4 1 0
github.com/sausheong/hand/internal/sessionio/usage_tracking.go:25.3,25.61 1 24
github.com/sausheong/hand/internal/sessionio/usage_tracking.go:25.61,27.4 1 4
github.com/sausheong/hand/internal/sessionio/usage_tracking.go:28.3,28.55 1 20
github.com/sausheong/hand/internal/sessionio/usage_tracking.go:28.55,30.4 1 2
github.com/sausheong/hand/internal/sessionio/usage_tracking.go:31.3,31.54 1 18
github.com/sausheong/hand/internal/sessionio/usage_tracking.go:33.2,33.31 1 30
github.com/sausheong/hand/internal/sessionio/usage_tracking.go:40.54,41.17 1 24
github.com/sausheong/hand/internal/sessionio/usage_tracking.go:41.17,43.3 1 0
github.com/sausheong/hand/internal/sessionio/usage_tracking.go:44.2,45.25 2 24
github.com/sausheong/hand/internal/sessionio/usage_tracking.go:45.25,47.3 1 10
github.com/sausheong/hand/internal/sessionio/usage_tracking.go:48.2,50.16 3 14
github.com/sausheong/hand/internal/sessionio/usage_tracking.go:50.16,52.3 1 0
github.com/sausheong/hand/internal/sessionio/usage_tracking.go:53.2,53.47 1 14
